Sample ID,Index.AO,all_data,Latitude,Longitude,Depth,Date.Collection,PlotCreated,Type,Dry.weight,ResinP,pH,Total.C,Total.N,Total.P,DOC,DON,DOC_DON,NH4,NO3,TDN,DIN,Al,Ca,Fe,K,Mg,Mn,P,Zn,Ca_Mg,S,MAT,MAP,Aridity_Index,NPP,OrganicMatter
Alb_0202,94,yes,8.97661,-79.5642,0-10 cm,24-Jul-17,Albrook,plot,0.74,3.48,3.91,2.3,0.14,488,360,17.3,21,0.89,1.44,19.64,2.34,888.3,4,136,15.5,7.5,0.4,1.7,0.7,0.3,0.3,27,1864,1.23,0.38,11.82
Alb_0204,95,yes,8.97661,-79.5642,0-10 cm,24-Jul-17,Albrook,plot,0.77,5.69,4.13,4.71,0.31,536,350,20.19,17,0.45,2.84,23.49,3.29,1038.9,17,312.4,23.6,10.8,1.1,2,0.6,1,0.5,27,1864,1.23,0.38,14
Alb_0303,97,yes,8.97661,-79.5642,0-10 cm,24-Jul-17,Albrook,plot,0.71,3.16,3.85,5.09,0.3,313,312,21.61,14,4.6,3.15,29.36,7.75,910.7,8.4,367.6,16.6,11.1,1,2.6,1.4,0.5,0.3,27,1864,1.23,0.38,13.05
Alb_0402,99,yes,8.97661,-79.5642,0-10 cm,24-Jul-17,Albrook,plot,0.73,2.77,4.17,6.08,0.4,362,322,24.77,13,2.91,3.14,30.83,6.05,994.5,24.2,340.2,47.9,25.4,3.4,2.9,1.8,0.6,0.4,27,1864,1.23,0.38,15.6
Alb_0404,100,yes,8.97661,-79.5642,0-10 cm,24-Jul-17,Albrook,plot,0.72,2.35,4.01,5.54,0.38,414,230,18.41,12,2.47,4.51,25.39,6.97,814.6,41.3,378.3,34.6,18.8,3.2,4.8,1.5,1.3,0.4,27,1864,1.23,0.38,13.43
B1_0202,785,yes,9.152091,-79.849108,0-10 cm,11-Dec-17,B1,plot,0.63,4.41,6.24,5.39,0.53,820.77,104.65,10.37,10.1,3.27,3.57,17.2,6.84,2119.5,2785.1,169.8,93.9,301.6,340.7,3.6,2.3,5.6,5.9,25.9,2635,1.87,0.54,21.83
B1_0204,786,yes,9.152091,-79.849108,0-10 cm,11-Dec-17,B1,plot,0.62,4,7.05,4.49,0.43,787.93,138.47,14.46,9.6,3.51,2.17,20.14,5.68,2797.9,2032.9,197.4,49.6,160.7,352.8,3.6,2.6,7.7,3.6,25.9,2635,1.87,0.54,19.72
B1_0303,788,yes,9.152091,-79.849108,0-10 cm,11-Dec-17,B1,plot,0.6,3.33,6.69,4.38,0.46,852.79,191.94,20.13,9.5,2.05,3.16,25.34,5.21,3136.7,849.8,246,146,162.8,300.3,5.1,5.2,3.2,3.8,25.9,2635,1.87,0.54,20.01
B1_0402,790,yes,9.152091,-79.849108,0-10 cm,11-Dec-17,B1,plot,0.56,2.31,5.62,4.19,0.46,876.1,95.61,10.78,8.9,2.47,1.96,15.21,4.43,2582.6,1686.6,165.7,67.3,161.9,421.7,2.7,3.5,6.3,4.2,25.9,2635,1.87,0.54,18.83
B1_0404,791,yes,9.152091,-79.849108,0-10 cm,11-Dec-17,B1,plot,0.55,2.83,6.68,4.33,0.49,876.07,79.06,8.84,8.9,2.5,2.29,13.62,4.78,2755.1,1906.1,158.2,59.2,169.6,424.4,3.3,3.8,6.8,4.1,25.9,2635,1.87,0.54,20.49
B3_0202,772,yes,9.149386,-79.851846,0-10 cm,13-Dec-17,B3,plot,0.37,12.79,6.25,2.52,0.27,475.1603469,160.5156907,17.22795612,9.3,1.003821709,1.66827309,19.90005092,2.672094799,888.1,903.7,117.2,41.7,187,340,0.9,2.4,2.9,3.1,26.2,2566,1.83,0.54,16.17664666
B3_0301,774,yes,9.149386,-79.851846,0-10 cm,13-Dec-17,B3,plot,0.56,3.81,6.46,7.17,0.67,692.7949009,105.4883409,9.301067393,11.3,2.981885954,4.593922035,16.87687538,7.57580799,631.1,5930.8,98.5,82.8,360.2,364.8,1.6,7.1,10,6.2,26.2,2566,1.83,0.54,24.16310137
B3_0303,775,yes,9.149386,-79.851846,0-10 cm,13-Dec-17,B3,plot,0.56,8.92,6.29,4.65,0.45,656.2679918,113.8808589,13.40584761,8.5,4.267473401,2.301623829,19.97494484,6.56909723,642.5,2730,112.8,51,275,386.4,1,4.7,6,4.6,26.2,2566,1.83,0.54,21.87457162
B3_0404,778,yes,9.149386,-79.851846,0-10 cm,13-Dec-17,B3,plot,0.63,2.47,6.41,3.55,0.32,544.7390543,179.943084,12.92089732,13.9,1.026981491,2.274487016,16.22236583,3.301468507,1175,2890.6,201.4,91.1,848.4,101.7,1.4,1.9,2.1,6.1,26.2,2566,1.83,0.54,18.08581436
B3_0503,780,yes,9.149386,-79.851846,0-10 cm,13-Dec-17,B3,plot,0.58,1.59,7.4,3.87,0.37,1028.228721,51.21181,4.50491603,11.4,0.620834194,3.415555097,8.54130532,4.03638929,773.5,2544.7,160.5,332,518.9,299.4,1.1,9.7,3,4.8,26.2,2566,1.83,0.54,17.92754256
B6_0101,754,yes,9.152997,-79.849651,0-10 cm,11-Dec-17,B6,plot,0.6,9.94,6.63,3.76,0.38,626.2537626,280.4516064,29.23837996,9.6,2.761760772,2.257941652,34.25808238,5.019702424,4197.2,1014.3,340.4,56.6,172.6,162.9,8.5,1.9,3.6,3.5,25.9,2635,1.87,0.54,18.08071017
B6_0103,755,yes,9.152997,-79.849651,0-10 cm,11-Dec-17,B6,plot,0.56,4.2,6.33,5.58,0.47,678.605364,219.5906205,22.8719024,9.6,3.067083718,2.55964527,28.49863139,5.626728987,4138.1,1145.8,562.5,33.4,182.4,94.8,7,2.7,3.8,4.7,25.9,2635,1.87,0.54,22.46232439
B6_0105,756,yes,9.152997,-79.849651,0-10 cm,11-Dec-17,B6,plot,0.61,0.2,5.71,4.41,0.42,758.6354053,164.6871102,19.05123852,8.6,3.154733155,2.731913962,24.93788564,5.886647117,4649.6,1410.3,423.4,102.5,311.2,213.5,6.7,3.6,2.7,4.4,25.9,2635,1.87,0.54,18.97272851
B6_0202,757,yes,9.152997,-79.849651,0-10 cm,11-Dec-17,B6,plot,0.59,8.13,6.47,4.44,0.43,772.1029532,235.469683,27.06917783,8.7,5.015450599,0.67547124,32.76009967,5.690921839,4447.5,811,528.3,45.5,125.9,90.3,7.8,3.2,3.9,4.3,25.9,2635,1.87,0.54,19.05450463
B6_0204,758,yes,9.152997,-79.849651,0-10 cm,11-Dec-17,B6,plot,0.58,6.42,5.92,4.63,0.47,742.3345775,269.4667972,31.92634924,8.4,1.444044094,3.83188273,37.20227607,5.275926824,4429.8,990.6,361.2,50.2,165.8,153.3,6.9,4.5,3.6,5.1,25.9,2635,1.87,0.54,19.70308789
Car_0202,81,yes,8.99074,-79.567,0-10 cm,24-Jul-17,Cardenas,plot,0.78,2.8,4.35,5.05,0.3,472,423,22.19,19,0.54,8.3,31.03,8.84,1460.1,20.6,238.4,25.3,17,0.8,2.4,0.8,0.7,0.9,26.9,1891,1.25,0.38,14.03
Car_0204,82,yes,8.99074,-79.567,0-10 cm,24-Jul-17,Cardenas,plot,0.78,4.06,4.83,4.49,0.29,307,289,22.48,13,2.36,2.12,26.96,4.48,1343.6,86.4,176.5,37.3,96.4,16.9,5,4.7,0.5,1.1,26.9,1891,1.25,0.38,12.28
Car_0303,84,yes,8.99074,-79.567,0-10 cm,24-Jul-17,Cardenas,plot,0.78,5.06,4.5,1.22,0.08,352,254,12.81,20,0.45,1.15,14.42,1.61,934.8,18,49.8,11.6,49,5.4,0.7,2.7,0.2,0.2,26.9,1891,1.25,0.38,11.35
Car_0402,86,yes,8.99074,-79.567,0-10 cm,24-Jul-17,Cardenas,plot,0.66,11.62,4.47,8.51,0.52,346,351,30.07,12,1.05,7.22,38.34,8.27,1283.6,29.9,365.8,26.3,22.1,2.3,3.9,3.1,0.8,0.5,26.9,1891,1.25,0.38,20.25
Car_0404,87,yes,8.99074,-79.567,0-10 cm,24-Jul-17,Cardenas,plot,0.77,3.94,4.59,5.85,0.32,306,373,31.39,12,2.51,3.75,37.65,6.26,1550.9,24.2,102.7,23.8,16.5,11.1,3.7,1.6,0.9,1,26.9,1891,1.25,0.38,14.48
Carit_0204,248,yes,9.08519,-79.6077,0-10 cm,24-Aug-17,Caritas,plot,0.62,2.64,6.78,4.35,0.4,405,53,6.93,8,0.73,1.92,9.58,2.65,850.8,3340.7,172,315,460.5,94.4,2.7,2.2,4.4,3.1,26,2200,1.5,0.7,16.01
Carit_0303,250,yes,9.08519,-79.6077,0-10 cm,24-Aug-17,Caritas,plot,0.56,5.69,7.17,2.33,0.19,393,35,3.57,10,0.57,0.3,4.43,0.87,952.8,3020,169.3,316.9,1034.5,80.9,4.5,1.2,1.8,2.5,26,2200,1.5,0.7,39.87
Carit_0402,252,yes,9.08519,-79.6077,0-10 cm,24-Aug-17,Caritas,plot,0.67,2.53,7.15,10.95,0.72,786,77,11.17,7,0.94,5.56,17.67,6.51,695.5,6987.6,191.4,229.1,1094.2,94.5,6.7,6.6,3.9,8.6,26,2200,1.5,0.7,11.68
Carit_0404,253,yes,9.08519,-79.6077,0-10 cm,24-Aug-17,Caritas,plot,0.65,3.34,6.96,3.83,0.32,409,67,9.6,7,1.21,2.09,12.91,3.3,835.1,3819.2,173.5,140.1,539.5,133.8,3.4,2.4,4.3,2.4,26,2200,1.5,0.7,12.38
CC_p40_01,538,yes,9.21102,-79.59705,0-10 cm,12-Oct-17,P40_CampoChagres,transect,0.64,18.86,6.37,11.1,0.87,1300.978206,63.61553357,5.256525502,12.1,1.097775709,2.512939422,8.867240633,3.610715131,900.6,9055.1,112.1,31.3,182.1,88.6,7.7,1.9,30.2,2.3,26.3,2384,1.67,0.68,27.50917616
CC_p40_02,539,yes,9.21142,-79.59994,0-10 cm,12-Oct-17,P40_CampoChagres,transect,0.58,27.29,6.74,11.95,1,1190.049839,78.81292142,6.450155202,12.2,2.873791459,2.638459316,11.96240598,5.512250775,996.1,10533.5,126.7,30.2,219.3,106.4,4.3,1.5,29.1,2.8,26.3,2384,1.67,0.68,30.04176611
CC_p40_03,540,yes,9.21132,-79.60001,0-10 cm,12-Oct-17,P40_CampoChagres,transect,0.62,37.48,6.24,12.87,1.13,1432.030458,88.02888263,6.354345465,13.9,2.082968859,2.915149225,11.35246355,4.998118084,918,10380.3,197,46.2,158.8,94.1,9.1,2.7,39.6,4.2,26.1,2419,1.67,0.68,32.53927307
CDP_tr0104,475,yes,9.280232,-79.980865,0-10 cm,2-Oct-17,CaminoDePiña,transect,0.72,10.38,6.51,3.56,0.34,352.779085,163.3879903,15.00635578,10.9,1.410853962,1.203914344,17.62112409,2.614768306,1349.5,31.4,216.5,23.2,36.5,0.8,1.1,0.6,0.5,3.2,25.8,3219,2.41,0.63,16.04008715
CDP_tr0105,476,yes,9.280647,-79.980414,0-10 cm,2-Oct-17,CaminoDePiña,transect,0.7,6.51,6.68,3.02,0.32,371.8767265,237.9859353,22.29943673,10.7,0.946681135,1.708632048,24.95474991,2.655313183,955.4,1198.4,118.9,23,177.6,31.6,1.9,2.3,4.1,3.5,25.8,3219,2.41,0.63,14.76691989
CDP_tr0202,478,yes,9.276969,-79.97812,0-10 cm,2-Oct-17,CaminoDePiña,transect,0.61,0.2,5.33,4.9,0.37,212.27737,676.7057606,52.09268478,13,0.923355471,1.477143408,54.49318366,2.400498879,1442.8,113.5,191.9,18.5,97.5,4.4,3.4,4.3,0.7,2.8,25.8,3219,2.41,0.63,19.79332409
CDP_tr0204,480,yes,9.276931,-79.978301,0-10 cm,2-Oct-17,CaminoDePiña,transect,0.55,0.16,4.81,6.03,0.46,238.3841328,560.4037823,40.13676876,14,0.484224496,0.93124367,41.55223693,1.415468166,1211,1843.6,118.2,25.8,447.7,24.7,1.8,1.7,2.5,3.5,25.8,3219,2.41,0.63,21.2329002
CDP_tr0205,481,yes,9.27682,-79.978,0-10 cm,2-Oct-17,CaminoDePiña,transect,0.54,0.2,5.28,5.6,0.4,206.7130577,626.0473165,56.02225489,11.2,0.906021714,2.417461772,59.34573838,3.323483486,1385.8,29.3,245.6,29,52.8,1.4,1.2,0.5,0.3,2.6,25.8,3219,2.41,0.63,21.37911038
CDPl_0101,561,yes,9.09296,-79.651553,0-10 cm,18-Oct-17,CaminoDePlantacion,plot,0.68,40.03,6.2,4.1,0.4,1085.27292,124.6634488,10.44057861,11.9,0.928860279,1.394472174,12.76391106,2.323332452,1202.5,2822.2,137,97.8,565.5,61.3,3.6,0.8,3,2.8,25.7,2362,1.63,0.7,17.29199788
CDPl_0103,562,yes,9.092818,-79.651393,0-10 cm,18-Oct-17,CaminoDePlantacion,plot,0.63,5.83,6.16,4.35,0.44,969.7648574,65.76514291,5.492866706,12,0.971351279,2.791163538,9.255381523,3.762514817,1054.4,3157,178.4,354.8,647.2,81.6,8.8,4.9,3,2.6,25.7,2362,1.63,0.7,16.41235513
CDPl_0105,563,yes,9.09127,-79.652249,0-10 cm,18-Oct-17,CaminoDePlantacion,plot,0.69,11.16,6.52,3.29,0.29,951.0117372,44.84657625,3.487916363,12.9,0.879844532,0.840788548,5.208549442,1.72063308,1222.9,4150.4,193.9,257,830.5,85.4,10.9,3.9,3,2.7,26,2298,1.58,0.7,15.18579496
CDPl_0202,564,yes,9.089101,-79.653007,0-10 cm,18-Oct-17,CaminoDePlantacion,plot,0.64,42.22,6.39,6.53,0.64,1172.029104,63.38579137,6.959352518,9.1,1.137410072,2.827877698,10.92464029,3.96528777,861.4,5063.9,212.2,313.9,611.1,155.6,9.4,8.1,5,3.8,26,2298,1.58,0.7,21.83163737
CDPl_0204,565,yes,9.08792,-79.654153,0-10 cm,18-Oct-17,CaminoDePlantacion,plot,0.64,2.66,5.67,5.59,0.51,1455.051674,93.83981974,7.73124376,12.1,3.162039624,2.929573079,13.82285646,6.091612702,970.6,3576.4,188.7,243.5,551.5,130.2,12.2,28,3.9,4.8,26,2298,1.58,0.7,20.71901775
CG_0202,325,yes,8.91182,-79.5868,0-10 cm,5-Sep-17,CerroGalera,plot,0.63,5.34,7.22,2.92,0.22,768,120,3.02,40,2.98,3.69,9.68,6.67,750.8,2063.2,129.9,70.9,479,206.1,4.1,3.2,2.6,4,26.9,1828,1.19,0.38,10.52
CG_0204,326,yes,8.91182,-79.5868,0-10 cm,5-Sep-17,CerroGalera,plot,0.71,2.01,6.85,3.29,0.26,756,142,12.73,11,2.32,3.75,18.79,6.07,537.5,2618.8,126.4,104.9,734.2,153.9,3.9,1.5,2.2,6.4,26.9,1828,1.19,0.38,12.11
CG_0303,328,yes,8.91182,-79.5868,0-10 cm,5-Sep-17,CerroGalera,plot,0.71,6.65,7.35,3.87,0.3,783,73,9.28,8,1.43,3.55,14.25,4.98,485.1,2974,131.5,32,668.6,226.2,2.9,1.9,2.7,4.2,26.9,1828,1.19,0.38,12.1
CG_0404,331,yes,8.91182,-79.5868,0-10 cm,5-Sep-17,CerroGalera,plot,0.67,4.35,7.27,3.6,0.27,902,54,5.84,9,0.97,3.44,10.26,4.42,582.1,2752.9,175.7,31.2,525.6,238.6,3.3,2.5,3.2,3.2,26.9,1828,1.19,0.38,12.01
Chil_tr0101,543,yes,9.211018,-79.597,0-10 cm,12-Oct-17,Chilibre,transect,0.66,5.14,7.09,7.87,0.68,845.7998552,48.88801995,3.94123881,12.4,2.334334533,1.109522848,7.38509619,3.44385738,1172,8028,147.9,23.5,656.2,19.8,4.9,1.1,7.4,1.8,26.3,2384,1.67,0.68,23.32373872
Chil_tr0102,544,yes,9.211417,-79.599,0-10 cm,12-Oct-17,Chilibre,transect,0.75,5.44,7.82,6.34,0.53,825.130817,47.3983542,3.222113098,14.7,1.669237334,1.901470529,6.79282096,3.570707863,1284.4,4843.7,117.1,31.9,780.4,19.9,4.4,1.3,3.8,1.9,26.3,2384,1.67,0.68,18.68415545
Chil_tr0103,545,yes,9.211318,-79.6,0-10 cm,12-Oct-17,Chilibre,transect,0.72,5.22,7.84,10.15,0.73,2492.352229,35.90851815,2.984122984,12,1.757560484,1.646673387,6.388356855,3.404233871,1198.2,6753.6,134.1,36.9,603.6,69.9,6,2.2,6.8,3.8,26.1,2419,1.67,0.68,21.87659
Chil_tr0104,546,yes,9.211215,-79.599,0-10 cm,12-Oct-17,Chilibre,transect,0.72,3.38,7.94,6.73,0.61,845.5302726,162.406595,20.31219004,8,2.848649866,2.402988045,25.56382795,5.251637911,542.5,16708.6,69.5,73.2,468.6,103.9,100.3,5.3,21.6,1.8,26.3,2384,1.67,0.68,17.96273335
Chil_tr0105,547,yes,9.211116,-79.598,0-10 cm,12-Oct-17,Chilibre,transect,0.76,5.91,7.79,23.26,2.21,2755.106468,244.7318999,18.05020922,13.6,5.84458281,8.456997742,32.35178977,14.30158055,477.2,12358.9,136.1,47.8,668.1,143.3,18.3,8,11.2,5.6,26.3,2384,1.67,0.68,51.44969452
CJ_0101,656,yes,9.227306,-79.388972,0-10 cm,9-Nov-17,CerroJefe,transect,0.69,0.08,5.18,4.59,0.22,79.59813746,202.6178769,18.88528983,10.7,1.758918728,0.687162505,21.33137107,2.446081232,861.3,94.8,588.7,21.2,31.7,8.7,0,0.7,1.8,1.1,21.6,3533,2.71,0.66,14.40260485
CJ_0102,657,yes,9.22731,-79.38988202,0-10 cm,9-Nov-17,CerroJefe,transect,0.56,0.05,5.06,5.37,0.28,77.68690009,155.6521066,13.4763011,11.6,10.66060503,0.043318401,24.18022453,10.70392343,748.2,106.8,1754.4,18.5,38.7,5.5,0,0.8,1.7,1.3,21.6,3533,2.71,0.66,17.97688252
CJ_0103,658,yes,9.227314,-79.39079204,0-10 cm,9-Nov-17,CerroJefe,transect,0.52,0.06,4.64,4.73,0.25,71.49907047,208.3933482,18.89279086,11,1.207065072,0.138544054,20.23839998,1.345609126,817.8,118.8,506.4,19.3,29.1,7,0,0.7,2.5,1.3,21.6,3533,2.71,0.66,18.70542505
CJ_0104,659,yes,9.227318,-79.39170205,0-10 cm,9-Nov-17,CerroJefe,transect,0.63,0.14,4.9,3.78,0.22,63.7364119,177.1513042,18.98105735,9.3,1.312483751,0.03400217,20.32754327,1.34648592,1032.8,143.9,335.8,17.7,28.2,11.8,0.4,0.5,3.1,1.5,22,3538,2.69,0.66,15.98044999
CJ_0105,660,yes,9.227322,-79.39261207,0-10 cm,9-Nov-17,CerroJefe,transect,0.63,0.08,4.89,4.61,0.26,68.5821425,169.149702,15.95428701,10.6,2.209218136,0.516838136,18.68034328,2.726056272,1030.8,123.4,1111.1,17.7,31.7,8.4,0,0.7,2.4,1.6,22,3538,2.69,0.66,19.28144319
CL_tr0104,107,yes,9.02557,-79.61526,0-10 cm,25-Jul-17,CerroLuisa,transect,0.68,6.42,6.65,7.31,0.58,414.8777092,83.8,9.407290594,8.9,2.141374693,4.07400055,15.62266584,6.215375244,779.4,4359.4,130.8,18.2,514.6,299.7,1.2,12.4,5.1,4.1,26.6,2052,1.37,0.7,23.5558
CL_tr0105,108,yes,9.02562,-79.6155,0-10 cm,25-Jul-17,CerroLuisa,transect,0.64,9.42,6.91,6.31,0.52,398.9145532,73.4,8.103101026,9.1,1.635424896,3.914360374,13.6528863,5.54978527,839.3,3725,162.8,31.1,568.6,293.3,1.7,3,4,3,26.6,2052,1.37,0.7,21.75694909
CL_tr0202,110,yes,9.0299,-79.61626,0-10 cm,25-Jul-17,CerroLuisa,transect,0.71,2.06,5.9,4.23,0.32,225.9350596,95.1,8.503077788,11.2,0.844190457,2.325523543,11.67279179,3.169714,886.8,1972.6,155.6,86.9,565.2,127.9,1,7.3,2.1,2.1,26.6,2052,1.37,0.7,18.59843814
CL_tr0204,112,yes,9.02973,-79.61642,0-10 cm,25-Jul-17,CerroLuisa,transect,0.69,2.39,6.03,4.66,0.37,234.4673186,221.9,18.08031654,12.3,2.004811626,1.284977487,21.37010566,3.289789113,905.3,1113,224,21.3,446.8,21.9,2.7,2.2,1.5,1.4,26.6,2052,1.37,0.7,19.21427346
CL_tr0205,113,yes,9.02989,-79.6166,0-10 cm,25-Jul-17,CerroLuisa,transect,0.72,2.79,6.18,4.48,0.37,239.6050664,62.1,6.904245798,9,0.688820599,2.225077666,9.818144063,2.913898265,891,2444.8,145.2,23.6,636.3,98.3,1.2,3.5,2.3,2.4,26.6,2052,1.37,0.7,18.45429391
Cla_tr0101,528,yes,9.004014,-79.566295,0-10 cm,10-Oct-17,Clayton,transect,0.64,14.16,6.55,4.92,0.41,457.5843424,39.63527316,3.923596493,10.1,0.591567737,2.47613353,6.99129776,3.067701267,664,2492.5,189,34.4,1304.5,131.4,2.1,5.2,1.2,1.5,26.8,1895,1.25,0.59,17.77021541
Cla_tr0102,529,yes,9.003597,-79.566336,0-10 cm,10-Oct-17,Clayton,transect,0.71,5.21,6.62,3.43,0.29,331.5699688,55.54116448,4.629736953,12,0.656643848,1.804717518,7.091098319,2.461361366,1093,3300.8,155.5,22.2,2030.3,66.6,1.4,2,1,1.6,26.8,1895,1.25,0.59,17.02479624
Cla_tr0103,530,yes,9.003315,-79.566168,0-10 cm,10-Oct-17,Clayton,transect,0.66,3.29,6.64,2.92,0.23,486.1547629,64.12181366,5.785131933,11.1,0.758778063,1.200737643,7.744647639,1.959515706,969,5362.3,122.2,59.5,960.3,50.4,4.3,4.6,3.4,1.2,26.8,1895,1.25,0.59,14.7220567
Cla_tr0104,531,yes,9.003275,-79.566168,0-10 cm,10-Oct-17,Clayton,transect,0.67,8.48,6.7,4.71,0.37,359.9596406,58.03170115,5.203939161,11.2,0.871953856,2.278286232,8.354179249,3.150240088,881.1,5227.9,119.9,106.7,1088.1,104.7,3.6,63.8,2.9,2.3,26.8,1895,1.25,0.59,18.16002346
Cla_tr0105,532,yes,9.003386,-79.566243,0-10 cm,10-Oct-17,Clayton,transect,0.65,6.65,6.59,3.66,0.3,285.7169596,189.3035424,17.12907995,11.1,0.844923971,0.531802391,18.50580631,1.376726362,898.3,1050.3,143.9,27.3,337,38.3,2,25.6,1.9,1.6,26.8,1895,1.25,0.59,15.46733822
Cob1_0202,613,yes,9.20313,-79.3622,0-10 cm,31-Oct-17,Coba1,plot,0.59,0.09,5.92,5.13,0.41,170.13,258.65,24.082,11,1.3125,3.1555,28.55,4.468,1068.3,1192.2,148.3,59.6,247.6,312.5,1.8,1.3,2.9,5.2,23.9,3152,2.24,0.66,20.24
Cob1_0204,614,yes,9.20313,-79.3622,0-10 cm,31-Oct-17,Coba1,plot,0.57,0.64,5.62,5.13,0.44,165.47,264.4,23.9385,11,1.8675,2.019,27.825,3.8865,926.1,1153.4,164.5,32.3,126.9,294.1,1.4,0.9,5.5,5.4,23.9,3152,2.24,0.66,19.03
Cob1_0303,616,yes,9.20313,-79.3622,0-10 cm,31-Oct-17,Coba1,plot,0.58,0.2,5.92,5.33,0.45,205.18,257.65,23.133,11,0.907,1.96,26,2.867,1179.9,1045.5,149.2,39.9,135.8,285,1.4,1.6,4.7,5.6,23.9,3152,2.24,0.66,19.63
Cob1_0402,618,yes,9.20313,-79.3622,0-10 cm,31-Oct-17,Coba1,plot,0.65,0.2,5.92,7.13,0.5,308.78,112.175,10.54,11,1.3455,2.467,14.3525,3.8125,867,2471.8,185.4,97.5,273.9,308.7,2.2,2.4,5.5,9,23.9,3152,2.24,0.66,21.41
Cob1_0404,619,yes,9.20313,-79.3622,0-10 cm,31-Oct-17,Coba1,plot,0.61,0.19,5.61,4.33,0.36,215.52,131.875,12.021,11,0.991,2.753,15.765,3.744,938.6,1756.7,168.8,77.4,214.8,343.1,1.8,2.3,5,4.6,23.9,3152,2.24,0.66,16.73
Cob2_0202,626,yes,9.20958,-79.3713,0-10 cm,31-Oct-17,Coba2,plot,0.56,0.05,6.1,6.23,0.49,211.11,137.755,11.074,12,2.6275,2.361,16.0625,4.9885,1103.1,1916.9,179.1,82.1,186.8,288.6,1.5,2.6,6.2,6.6,22.8,3522,2.61,0.66,21.93
Cob2_0204,627,yes,9.20958,-79.3713,0-10 cm,31-Oct-17,Coba2,plot,0.56,0.07,6.1,4.21,0.39,174.35,151.805,13.153,12,2.171,1.646,16.97,3.817,876.4,1076.5,204.9,33,190.2,393.1,1.3,2,3.4,5.9,22.8,3522,2.61,0.66,18.08
Cob2_0303,629,yes,9.20958,-79.3713,0-10 cm,31-Oct-17,Coba2,plot,0.55,0.02,5.91,4.63,0.42,176.1,223.38,17.568,13,1.391,7.366,26.325,8.757,1077,969.7,189.6,34.6,172.1,301.7,1.4,2.4,3.4,6.7,22.8,3522,2.61,0.66,20.8
Cob2_0402,631,yes,9.20958,-79.3713,0-10 cm,31-Oct-17,Coba2,plot,0.62,0.1,5.56,4.61,0.4,150.03,141.055,11.797,12,1.9085,2.122,15.8275,4.0305,1241.3,1340.5,127.1,50.4,197.8,241.8,1.4,1.5,4.1,4.9,22.8,3522,2.61,0.66,20.22
Cob2_0404,632,yes,9.20958,-79.3713,0-10 cm,31-Oct-17,Coba2,plot,0.6,0.04,5.27,5.88,0.47,185.22,169.555,10.552,16,3.8585,2.787,17.1975,6.6455,1075.5,1933.7,194.4,40.5,222.1,316.1,1.4,2.6,5.3,4.6,22.8,3522,2.61,0.66,21.07
Cor_0202,312,yes,8.532175,-79.899363,0-10 cm,4-Sep-17,Coronado,plot,0.83,2.66,6.8,2.37,0.18,97.21973094,76.37814489,8.444304839,9.044929849,1.328540541,0.14772422,9.9205696,1.476264761,387.3,1259.4,51.6,64.6,157.5,28.8,3.2,0.9,4.8,0.5719546,27.2,1488,0.96,0.49,5.689684282
Cor_0204,313,yes,8.532175,-79.899363,0-10 cm,4-Sep-17,Coronado,plot,0.79,1.37,6.68,2.11,0.16,77.68087215,65.5878561,7.754473652,8.458066793,2.536193735,0.043941335,10.33460872,2.58013507,534.5,1127.3,153.6,38.5,144.4,47.3,1.9,1,4.7,0.755933851,27.2,1488,0.96,0.49,5.715722427
Cor_0303,315,yes,8.532175,-79.899363,0-10 cm,4-Sep-17,Coronado,plot,0.81,1.64,6.61,2.02,0.16,87.17705736,56.90196968,6.809761317,8.355941865,1.510502107,0.410596593,8.730860018,1.9210987,462.3,1013.8,93.9,40.6,112.5,37.5,2.5,0.7,5.5,0.580170265,27.2,1488,0.96,0.49,5.415405314
Cor_0402,317,yes,8.532175,-79.899363,0-10 cm,4-Sep-17,Coronado,plot,0.77,1.35,6.63,2.26,0.18,110.9906664,75.52835538,7.425889383,10.17095078,2.698030227,1.197219556,11.32113917,3.895249783,500.9,1610,93.3,89.6,172.9,45.2,4.7,1.9,5.6,0.577102442,27.2,1488,0.96,0.49,6.102034011
Cor_0404,318,yes,8.532175,-79.899363,0-10 cm,4-Sep-17,Coronado,plot,0.79,1.69,6.78,1.62,0.14,77.4846013,70.53007992,8.022108554,8.791962793,2.319877745,0.250665533,10.59265183,2.570543278,412,1046.8,101.4,45.4,103,55.8,3.3,1.3,6.2,0.407201571,27.2,1488,0.96,0.49,4.356602187
CP_0202,600,yes,9.12099,-79.6973,0-10 cm,26-Oct-17,CerroPelado,plot,0.7,3.87,5.14,4.07,0.3,427,416,37.71,11,2.23,2.09,42.03,4.31,1620.9,60.6,110.4,33.5,23.9,27,2.7,1,1.5,1.8,26.5,2255,1.58,0.71,13.99
CP_0204,601,yes,9.12099,-79.6973,0-10 cm,26-Oct-17,CerroPelado,plot,0.7,9.01,5.11,4.73,0.34,406,421,39.56,11,0.8,5.89,46.25,6.69,1315.7,74.2,181,28.6,27.4,22.8,4,0.7,1.6,0.9,26.5,2255,1.58,0.71,13.49
CP_0303,603,yes,9.12099,-79.6973,0-10 cm,26-Oct-17,CerroPelado,plot,0.68,2.8,5.2,4.14,0.3,513,378,23.46,16,0.48,4.84,28.78,5.31,1663.3,251.4,100,30.7,71.8,10.8,3.6,3.8,2.1,1.7,26.5,2255,1.58,0.71,13.69
CP_0402,605,yes,9.12099,-79.6973,0-10 cm,26-Oct-17,CerroPelado,plot,0.7,2.9,4.83,4.44,0.33,429,415,38.38,11,1.59,5.6,45.58,7.19,1419.2,148,121.3,20.2,36.3,9.9,1.7,0.8,2.5,1.5,26.5,2255,1.58,0.71,13.23
CP_0404,606,yes,9.12099,-79.6973,0-10 cm,26-Oct-17,CerroPelado,plot,0.7,2.86,4.77,3.92,0.31,428,388,38.39,10,1.86,5.83,46.08,7.69,1156.5,355.5,188.2,32.6,65.1,14.5,5.2,1.1,3.3,1.5,26.5,2255,1.58,0.71,12.34
CP_tr0104,30,yes,9.1263,-79.7053,0-10 cm,18-Jul-17,CerroPeladoTr,transect,0.68,3.81,4.98,3.99,0.3,198.2253112,91.62475612,6.635746831,13.8,1.499015714,1.630620947,9.765383492,3.129636661,1070.6,992.4,205.1,77.8,418.5,27.4,0.9,1.8,1.4,1,26.1,2403,1.66,0.65,12.9204764
CP_tr0105,31,yes,9.1261,-79.7053,0-10 cm,18-Jul-17,CerroPeladoTr,transect,0.73,3.46,4.74,3.16,0.23,181.1939292,152.0270523,13.33006532,11.4,1.104644827,2.073775604,16.50848575,3.178420431,746.6,130.9,145.2,18,66.9,40.9,1.6,1.6,1.2,0.9,26.1,2403,1.66,0.65,10.02360877
CP_tr0202,33,yes,9.126,-79.7068,0-10 cm,18-Jul-17,CerroPeladoTr,transect,0.67,5.26,5.91,4.52,0.38,323.4250586,59.7194522,5.80279978,10.3,1.577012935,1.78785116,9.167663874,3.364864095,1013.2,1805.3,102.4,40.8,1321.9,127.1,1.1,2.1,0.8,1.8,26.1,2403,1.66,0.65,15.09614891
CP_tr0204,35,yes,9.1263,-79.7072,0-10 cm,18-Jul-17,CerroPeladoTr,transect,0.7,7.29,6.39,3.67,0.32,215.1559471,71.14517248,6.726897056,10.6,2.606748117,1.033406027,10.3670512,3.640154144,908.3,589.5,241,31.3,608.7,146.5,0.7,3.3,0.6,0.8,26.1,2403,1.66,0.65,11.42648209
CP_tr0205,36,yes,9.1266,-79.7074,0-10 cm,18-Jul-17,CerroPeladoTr,transect,0.7,5.23,5.65,3.65,0.32,234.4828175,42.6522943,3.857627901,11.1,0.780425897,0.9765625,5.614616297,1.756988397,895.4,1276.9,221.9,57,716.4,79.8,0.9,2.9,1.1,1.8,26.1,2403,1.66,0.65,12.67793366
ElCh_0202,208,yes,9.08405,-79.6634,0-10 cm,21-Aug-17,ElCharco,plot,0.67,5.35,5.93,2.53,0.22,647,42,3.89,11,1.28,1.35,6.51,2.63,794.1,1306.9,191.4,48.8,432.1,236.1,2.6,5.9,1.8,3.3,26,2313,1.58,0.7,8.75
ElCh_0204,209,yes,9.08405,-79.6634,0-10 cm,21-Aug-17,ElCharco,plot,0.71,1.11,4.79,3.37,0.31,704,118,13.09,9,0.45,2.1,15.64,2.55,1177.6,917.8,113.6,145.3,178.3,77.1,5.5,3,3.1,3,26,2313,1.58,0.7,11.6
ElCh_0303,211,yes,9.08405,-79.6634,0-10 cm,21-Aug-17,ElCharco,plot,0.74,2.46,5.78,2.08,0.2,645,68,10.9,6,0.35,0.88,12.12,1.23,955.7,889.7,173,24.3,190.9,228.8,2.9,7.5,2.8,0.7,26,2313,1.58,0.7,7.5
ElCh_0402,213,yes,9.08405,-79.6634,0-10 cm,21-Aug-17,ElCharco,plot,0.71,3.5,5.82,1.55,0.14,625,118,13.29,9,0.32,0.61,14.22,0.93,1261.2,486.9,168.9,36.3,149.2,244.1,4.4,6.3,2,1.1,26,2313,1.58,0.7,6.54
ElCh_0404,214,yes,9.08405,-79.6634,0-10 cm,21-Aug-17,ElCharco,plot,0.7,0.6,4.43,2.72,0.22,617,249,20.58,12,0.9,1.57,23.05,2.47,1611.5,233.6,120.5,38.1,86.9,152.9,5,3.2,1.6,1.8,26,2313,1.58,0.7,9.78
FSL_0202,485,yes,9.323326,-79.7268,0-10 cm,3-Oct-17,FuerteSanLorenzo,plot,0.74,1.82,8.09,7.83,0.53,266.1254112,518.1904928,37.67025383,13.8,0.555740157,0.447465759,38.67345975,1.003205915,1121.8,94.3,200,17.2,50.8,4.7,1.8,0.7,1.1,1.8,25.4,2980,2.18,0.7,23.83264589
FSL_0204,486,yes,9.323227,-79.991,0-10 cm,3-Oct-17,FuerteSanLorenzo,plot,0.71,2.28,8.01,6.58,0.46,319.4366492,824.9240309,56.90384618,14.5,0.463891472,0.665765325,58.03350298,1.129656797,1420.6,29.4,143.3,16.9,20.1,1.1,2.1,1.1,0.9,2,26.4,3330,2.5,0.57,21.13262798
FSL_0303,488,yes,9.33722,-79.984804,0-10 cm,3-Oct-17,FuerteSanLorenzo,plot,0.7,0.63,7.8,3.88,0.28,391.9018806,247.3831545,18.45137157,13.4,0.826894985,0.015949753,19.29421631,0.842844737,1302,573.7,125,28.2,404.4,56.1,7.2,12.1,0.9,2.5,26.4,3366,2.54,0.57,15.83525286
FSL_0402,490,yes,9.33703,-79.985576,0-10 cm,3-Oct-17,FuerteSanLorenzo,plot,0.6,0.22,5.17,5.27,0.37,547.1779466,394.4264112,25.98691316,15.2,0.279203735,0,26.26611689,0.279203735,1584,291.9,64.5,24.8,318.6,25.9,5.2,2.7,0.6,3.5,26.4,3366,2.54,0.57,19.22424457
FSL_0404,491,yes,9.337111,-79.985541,0-10 cm,3-Oct-17,FuerteSanLorenzo,plot,0.55,0.11,5.79,4.56,0.36,543.3450317,297.7998309,21.29692832,14,0.390042684,0.081694764,21.76866576,0.471737448,1186.4,739.2,99.2,24.7,434.3,29.2,6,32,1,3.4,26.4,3366,2.54,0.57,17.49166274
IG_0101,641,yes,9.350094,-79.8718,0-10 cm,1-Nov-17,IslaGaleta,transect,0.54,3.86,6.06,4.79,0.43,583.1276371,129.7391283,9.29023838,14,1.64074832,0.409419418,11.34040612,2.050167738,1139.1,2340.5,230.7,128.9,1125.6,41.6,2.3,3.5,1.3,4.7,26.7,3263,2.44,0.6,17.9535865
IG_0102,642,yes,9.38471,-79.859,0-10 cm,1-Nov-17,IslaGaleta,transect,0.59,1.09,5.36,4.29,0.36,364.5405121,74.24238558,7.226497748,10.3,4.66155607,0.86536685,12.75342067,5.52692292,729.9,3894.2,115.6,40.2,679.9,14.7,1,0.9,3.5,5.3,26.7,3325,2.49,0.6,19.08803928
IG_0103,643,yes,9.38407,-79.859,0-10 cm,1-Nov-17,IslaGaleta,transect,0.58,2.26,5.92,3.77,0.35,415.5166982,85.45340751,14.78921368,5.8,2.547710271,1.45257511,18.78949906,4.000285381,1075,2433,417.3,93.6,931.6,28.4,1.7,1.3,1.6,1.9,26.7,3325,2.49,0.6,16.66491633
IG_0104,644,yes,9.38377,-79.8608,0-10 cm,1-Nov-17,IslaGaleta,transect,0.61,0.87,6.43,3.41,0.28,586.3707463,81.56633309,5.44262099,15,3.205135298,0.200524979,8.848281267,3.405660277,1149.1,2191,254.1,130.7,1484.4,52.6,3,1.1,0.9,2.9,26.7,3325,2.49,0.6,15.038757
IG_0105,645,yes,9.383053,-79.85704,0-10 cm,1-Nov-17,IslaGaleta,transect,0.6,0.57,5.7,5.01,0.42,403.3206631,103.542202,11.71755391,8.8,4.871043307,0.85248381,17.44108102,5.723527117,889.4,3688.5,188,39.6,872.4,24.3,2.1,0.9,2.6,6.8,26.7,3321,2.48,0.6,19.26406926
LP_0202,551,yes,9.1247,-79.9048,0-10 cm,16-Oct-17,LasPavas,plot,0.61,0.65,5.18,2.91,0.27,242.716515,269.1525,24.94575,10.8,2.004,1.041,27.99075,3.045,1143.3,1090,187.8,169.5,431.8,267.2,2.3,2.8,1.5,3.1,26.5,2488,1.78,0.51,16.06864814
LP_0204,552,yes,9.1247,-79.9048,0-10 cm,16-Oct-17,LasPavas,plot,0.6,1.56,5.67,3.93,0.33,251.475215,132.2025,14.27025,9.3,1.9765,1.0015,17.24825,2.978,806.5,1720.3,203.9,187.3,530.4,263.2,2.5,4.9,2,5.2,26.5,2488,1.78,0.51,17.31629728
LP_0303,554,yes,9.1247,-79.9048,0-10 cm,16-Oct-17,LasPavas,plot,0.6,1.47,6.18,3.14,0.27,278.2464007,464.6525,38.22625,12.2,0.6265,0.588,39.44075,1.2145,1227.4,512.7,150.8,109,445.5,124.4,2.3,1.6,0.7,2.3,26.5,2488,1.78,0.51,15.8142712
LP_0402,556,yes,9.1247,-79.9048,0-10 cm,16-Oct-17,LasPavas,plot,0.64,2.71,7.35,3.16,0.28,276.105001,359.9025,32.43975,11.1,0.607,1.294,34.34075,1.901,1217.8,1326,160.8,41.9,392.8,251.4,2.2,1.7,2,3,26.5,2488,1.78,0.51,16.97793456
LP_0404,557,yes,9.1247,-79.9048,0-10 cm,16-Oct-17,LasPavas,plot,0.67,3.82,6.96,3.32,0.29,268.6393314,353.6525,29.62875,11.9,2.398,1.664,33.69075,4.062,1227.6,1292.9,170.8,68.1,402.2,264.7,2.2,2,1.9,4,26.5,2488,1.78,0.51,17.1950901
Mad_0204,352,yes,9.21146,-79.5998,0-10 cm,7-Sep-17,Maddem,plot,0.55,8.3,6.76,9.46,0.87,1585,71,9.44,7.6,0.22,5.52,15.18,5.74,580.7,9092,97.4,31.1,496.1,134.6,8,3.8,11.1,8.5,26.3,2384,1.67,0.68,24.2
Mad_0303,354,yes,9.21146,-79.5998,0-10 cm,7-Sep-17,Maddem,plot,0.54,20.07,6.95,7.53,0.73,1467,50,7.6,6.5,0.24,3.78,11.61,4.02,739.8,8057.5,95.3,48.1,427.4,72.8,12.8,4,11.4,8.2,26.3,2384,1.67,0.68,22.11
Mad_0402,356,yes,9.21146,-79.5998,0-10 cm,7-Sep-17,Maddem,plot,0.49,45.09,6.7,5.92,0.58,1048,51,6.85,7.4,0.89,4.85,12.59,5.75,842.4,7406.4,143.7,38.5,249.8,68.3,17.7,4.2,18,6.7,26.3,2384,1.67,0.68,44.14
Mad_0404,357,yes,9.21146,-79.5998,0-10 cm,7-Sep-17,Maddem,plot,0.32,34,7.06,15.12,1.35,1935,105,12.46,8.4,2.22,9.31,23.99,11.52,434.3,10151.3,97.8,141.6,468.3,72.2,20.2,5.8,13.1,15.2,26.3,2384,1.67,0.68,33.4
Met_0202,286,yes,8.99459,-79.543,0-10 cm,30-Aug-17,Metropolitano,plot,0.72,2.32,6.94,5.12,0.41,437,35.2,3.12,11.3,0.38,1.64,5.15,2.03,996.6,3682.9,147.3,204.9,819.8,100.7,11.2,1.4,2.7,0.8,26.6,1902,1.26,0.38,14.4
Met_0204,287,yes,8.99459,-79.543,0-10 cm,30-Aug-17,Metropolitano,plot,0.62,4.65,7.11,2.15,0.18,712,65,2.64,24.6,1.58,2.15,6.37,3.73,1034,4049.2,133.4,108.1,1017.9,87.5,11.9,1.6,2.4,1.3,26.6,1902,1.26,0.38,4.4
Met_0303,289,yes,8.99459,-79.543,0-10 cm,30-Aug-17,Metropolitano,plot,0.61,8.08,6.7,8.93,0.66,635,83.6,4.97,16.8,0.97,4.89,10.83,5.86,431,5672.4,332.2,252.7,1068.1,98.1,11.8,10.2,3.2,5.2,26.6,1902,1.26,0.38,24.1
Met_0402,291,yes,8.99459,-79.543,0-10 cm,30-Aug-17,Metropolitano,plot,0.63,4.06,6.84,5.28,0.39,449,54.6,5.7,9.6,2.05,2.93,10.68,4.98,694.3,2352.7,120.4,129.1,645.7,65.8,3.6,12.5,2.2,2.6,26.6,1902,1.26,0.38,17.3
Met_0404,292,yes,8.99459,-79.543,0-10 cm,30-Aug-17,Metropolitano,plot,0.61,10.44,7.09,2.47,0.23,394,153.9,11.63,13.2,2.91,2.55,17.09,5.46,805.6,1727.4,164.5,94.5,361,36.5,3.8,12.5,2.9,3,26.6,1902,1.26,0.38,14.2
Met_tr0104,416,yes,8.993096,-79.54860204,0-10 cm,25-Sep-17,Metropolitano,transect,0.61,8.7,6.22,5.21,0.44,541.3395235,57.13282128,7.609028577,7.5,1.2044779,3.123993524,11.9375,4.328471423,600.6,3704,201.7,53.9,675.1,225.6,2.2,6.7,3.3,3.3,26.6,1902,1.26,0.38,16.9812931
Met_tr0105,417,yes,8.993732,-79.54923616,0-10 cm,25-Sep-17,Metropolitano,transect,0.59,7.79,7.72,5.31,0.48,502.3480781,48.54187984,6.756175867,7.2,0.982671821,2.623652312,10.3625,3.606324133,928,2338.2,199,113.2,506.4,226.7,1.9,4.5,2.8,5.2,26.6,1902,1.26,0.38,17.08145378
Met_tr0202,419,yes,8.992373,-79.54439665,0-10 cm,25-Sep-17,Metropolitano,transect,0.64,1.37,7.03,5.55,0.42,492.5468069,53.47824855,6.153186228,8.7,1.708978315,1.292835457,9.155,3.001813772,1067.6,2939.2,211.6,31.3,795.4,150.3,2.4,5.3,2.2,3.1,26.6,1902,1.26,0.38,19.02881081
Met_tr0204,421,yes,8.994182,-79.54438942,0-10 cm,25-Sep-17,Metropolitano,transect,0.67,6.09,6.57,3.72,0.31,495.1770348,39.00604554,4.849456895,8,1.0254925,1.220050605,7.095,2.245543105,1206.4,4628.4,161.6,39.7,864.4,113.4,3.1,2.3,3.2,2.3,26.6,1902,1.26,0.38,15.26138567
Met_tr0205,422,yes,8.995086,-79.54438581,0-10 cm,25-Sep-17,Metropolitano,transect,0.64,4.56,6.47,4.07,0.34,400.3983067,43.31214158,4.485363503,9.7,1.435283346,0.56685315,6.4875,2.002136497,1116.1,2505.6,195.7,33.1,734,46.6,1.9,3.3,2.1,2.8,26.6,1902,1.26,0.38,15.64239985
P05_0202,143,yes,9.15682,-79.7517,0-10 cm,31-Jul-17,P05,plot,0.64,2.26,5.98,3.1,0.3,345,138,11.38,12.2,3.44,4.32,19.14,7.76,956.1,1413.6,160.9,26.5,398.5,261.7,2.1,3.5,2.2,3.3,26.4,2498,1.76,0.65,13.82
P05_0204,144,yes,9.15682,-79.7517,0-10 cm,31-Jul-17,P05,plot,0.62,2.1,6.03,6.6,0.55,545,91,10.31,8.8,0.68,2.55,13.55,3.23,785.8,2992.3,89.4,27.7,322.8,60.6,2.8,10.8,5.6,8,26.4,2498,1.76,0.65,21.15
P05_0303,146,yes,9.15682,-79.7517,0-10 cm,31-Jul-17,P05,plot,0.6,1.14,5.55,4.82,0.41,430,80,8.44,9.5,0.83,5.66,14.94,6.49,713.3,2500.7,153.8,35.6,173.5,195.1,2.5,4.7,8.7,5,26.4,2498,1.76,0.65,16.05
P05_0402,148,yes,9.15682,-79.7517,0-10 cm,31-Jul-17,P05,plot,0.56,1.63,5.62,7.86,0.63,620,154,14.22,10.8,2.57,5.53,22.32,8.1,1074.2,2594.5,113.5,48.1,402.7,181.9,4.2,8.2,3.9,12.7,26.4,2498,1.76,0.65,22.67
P05_0404,149,yes,9.15682,-79.7517,0-10 cm,31-Jul-17,P05,plot,0.62,1.04,5.79,4.35,0.42,474,146,11.54,12.7,0.44,3.2,15.18,3.64,1489.8,1403.7,51,28.4,319.3,94.1,2.1,2.7,2.7,5.7,26.4,2498,1.76,0.65,17.26
P06_0202,182,yes,9.1565,-79.7442,0-10 cm,15-Aug-17,P06,plot,0.72,0.48,4.89,2.92,0.24,202,123,23.46,5.2,1.29,2.5,27.25,3.79,552.9,757.5,229.5,42.4,223.6,132.8,4.3,5.3,2.1,2.2,26.5,2476,1.74,0.65,10.05
P06_0204,183,yes,9.1565,-79.7442,0-10 cm,15-Aug-17,P06,plot,0.75,1.13,4.92,1.75,0.16,160,317,33.76,9.4,0.46,1.79,36.02,2.25,807.7,163.3,116.8,14.5,35.4,70.6,1.8,0.8,2.8,1.2,26.5,2476,1.74,0.65,6.46
P06_0303,185,yes,9.1565,-79.7442,0-10 cm,15-Aug-17,P06,plot,0.65,0.38,4.81,3.32,0.26,171,192,20.72,9.3,0.83,2.28,23.83,3.11,766.5,662.7,150.3,32.4,157.2,65,2.8,4.2,2.6,2.1,26.5,2476,1.74,0.65,9.22
P06_0402,187,yes,9.1565,-79.7442,0-10 cm,15-Aug-17,P06,plot,0.71,0.8,4.82,1.49,0.11,157,199,17.61,11.3,0.33,1.09,19.04,1.42,617.9,195.1,207.9,32.2,105.5,6.2,1.9,1.1,1.1,1.5,26.5,2476,1.74,0.65,6.23
P06_0404,188,yes,9.1565,-79.7442,0-10 cm,15-Aug-17,P06,plot,0.66,1.15,5.23,2.66,0.19,201,254,17.61,11.3,0.33,1.09,19.04,1.42,884.7,69.2,222.1,26.7,70.9,3.6,2,1.4,0.6,4.1,26.5,2476,1.74,0.65,9.27
P07_0204,170,yes,9.16093,-79.7427,0-10 cm,14-Aug-17,P07,plot,0.75,0.57,4.83,2.63,0.22,158,221,20.73,10.7,0,1.17,21.9,1.17,824.7,280.5,244.1,35,92,1.8,1.8,0.3,1.8,1.7,26.4,2513,1.78,0.65,10.2
P07_0303,172,yes,9.16093,-79.7427,0-10 cm,14-Aug-17,P07,plot,0.71,0.51,4.77,3.12,0.25,168,155,16.02,9.7,1.29,1.41,18.71,2.69,585.5,691.9,232.5,32,185.2,50.6,2.5,1.7,2.3,2.7,26.4,2513,1.78,0.65,7.91
P07_0402,174,yes,9.16093,-79.7427,0-10 cm,14-Aug-17,P07,plot,0.62,0.88,4.76,5.02,0.44,661,236,22.48,10.5,0,1.4,23.88,1.4,714.6,135.1,185.3,28.6,71.4,34.6,1.8,3.2,1.1,1.9,26.4,2513,1.78,0.65,18.33
P07_0404,175,yes,9.16093,-79.7427,0-10 cm,14-Aug-17,P07,plot,0.74,0.63,4.77,2.16,0.19,160,292,26.83,10.9,0.05,1.18,28.06,1.23,853.9,190.1,157.2,30.3,80.8,43.4,2.1,1.1,1.4,1.9,26.4,2513,1.78,0.65,8.1
P08_0202,117,yes,9.1683,-79.7464,0-10 cm,26-Jul-17,P08,plot,0.58,2.47,5.77,2.66,0.25,305,298,35.12,8.5,1.21,2.74,39.07,3.95,958.9,489.6,162.8,19.2,178.1,294,1.4,2.2,1.7,3.3,25.8,2576,1.83,0.65,12.65
P08_0204,118,yes,9.1683,-79.7464,0-10 cm,26-Jul-17,P08,plot,0.62,2.16,5.69,3.11,0.28,217,458,46.41,9.9,1.6,3.76,51.76,5.35,1106.9,668.4,174.7,22.3,196.8,201.8,1.3,2,2.1,3.6,25.8,2576,1.83,0.65,14.64
P08_0303,120,yes,9.1683,-79.7464,0-10 cm,26-Jul-17,P08,plot,0.64,0.92,5.36,2.19,0.21,251,369,33.01,11.2,1.86,1.81,36.68,3.67,1004.7,723.8,144.8,16.9,291,180.1,1.7,3.7,1.5,2.1,25.8,2576,1.83,0.65,12.94
P08_0402,122,yes,9.1683,-79.7464,0-10 cm,26-Jul-17,P08,plot,0.64,1.21,5.69,3.38,0.3,291,293,34.96,8.4,1.34,1.98,38.28,3.32,975.5,772.2,188.1,21.7,229.7,309.7,1.5,5.4,2,3.5,25.8,2576,1.83,0.65,14.67
P08_0404,123,yes,9.1683,-79.7464,0-10 cm,26-Jul-17,P08,plot,0.66,0.87,5.85,3.31,0.3,288,221,27.75,8,1.56,2.12,31.43,3.68,976.6,790.4,165.1,22.9,192.4,320.1,1.5,4,2.5,3.5,25.8,2576,1.83,0.65,13.84
P09_0202,156,yes,9.16878,-79.7407,0-10 cm,1-Aug-17,P09,plot,0.58,0.18,5.28,3.9,0.36,155,173,15.12,11.4,5.8,0.83,21.75,6.63,730,1550.7,213.1,44.2,590.1,163.7,1.6,3.2,1.6,2.9,25.9,2562,1.82,0.65,16.55
P09_0204,157,yes,9.16878,-79.7407,0-10 cm,1-Aug-17,P09,plot,0.55,0.14,6.04,4.04,0.39,183,221,24.25,9.1,6.57,1.05,31.87,7.62,799.6,1390.5,165.8,34.4,487.7,236.5,1.4,2.3,1.7,4.3,25.9,2562,1.82,0.65,17.49
P09_0303,159,yes,9.16878,-79.7407,0-10 cm,1-Aug-17,P09,plot,0.55,0.11,5.98,3.24,0.31,135,238,24.63,9.6,7.41,0.39,32.42,7.79,1059.4,1102.4,194.8,32.2,474,265.9,1.2,2.2,1.4,2.8,25.9,2562,1.82,0.65,15.53
P09_0402,161,yes,9.16878,-79.7407,0-10 cm,1-Aug-17,P09,plot,0.55,0.16,5.25,4.54,0.4,194,64,8.25,7.7,4.83,1.83,14.91,6.66,686.3,2518.7,234.4,28.5,781.1,265.2,1.7,3.8,2,5.4,25.9,2562,1.82,0.65,16.69
P09_0404,162,yes,9.16878,-79.7407,0-10 cm,1-Aug-17,P09,plot,0.54,0.07,5.68,2.81,0.26,157,371,33.46,11.1,4.28,0.55,38.29,4.83,1044.7,800.8,130,30.3,407.9,144.9,1.1,0.9,1.2,3,25.9,2562,1.82,0.65,14.57
P10_0202,403,yes,9.14462,-79.8587,0-10 cm,14-Sep-17,P10,plot,0.64,1.78,7.33,4.15,0.43,438.6663081,41,5.04,8.1,1.39,3.11,9.54,4.5,625,3872.5,92.7,128.6,782.2,111.8,7.5,9.1,3,6.3,26.7,2542,1.82,0.54,17.96719548
P10_0204,404,yes,9.14462,-79.8587,0-10 cm,14-Sep-17,P10,plot,0.66,0.49,6.1,2.99,0.27,402.0265074,51.37,6.78,7.6,1.68,2.65,11.1,4.32,995.2,3370.9,88.3,241.1,1108.3,103.5,8.6,6.7,1.8,5.9,26.7,2542,1.82,0.54,15.04051226
P10_0402,408,yes,9.14462,-79.8587,0-10 cm,14-Sep-17,P10,plot,0.57,1.68,6.24,3.67,0.32,488.3965289,177,20.06,8.8,1.39,4.17,25.62,5.56,807.5,2051,153.6,62.7,428.8,206.2,4.9,3.8,2.9,5.7,26.7,2542,1.82,0.54,17.9218652
P10_0404,409,yes,9.14462,-79.8587,0-10 cm,14-Sep-17,P10,plot,0.69,2.59,5.98,6.43,0.58,696.4780076,74.12,7.76,9.5,1.46,4.13,13.35,5.59,735.5,2630.7,188,72.8,740.6,258.7,5.2,1.5,2.2,8.6,26.7,2542,1.82,0.54,20.71152442
P11_0202,587,yes,9.14491,-79.8779,0-10 cm,23-Oct-17,P11,plot,0.53,3.28,6.08,8.54,0.94,631,86,10.02,8.6,1.63,1.28,12.93,2.91,629.7,3301.8,132.1,72.4,844.3,269.4,4.3,15.5,2.4,12,26.6,2548,1.82,0.54,25.77
P11_0204,588,yes,9.14491,-79.8779,0-10 cm,23-Oct-17,P11,plot,0.57,4.97,6.18,6.36,0.62,615,97,8.1,11.9,0.78,1.48,10.36,2.26,918.1,2680.8,135.4,206.1,669.8,181,5.2,3.3,2.4,10.2,26.6,2548,1.82,0.54,21
P11_0303,590,yes,9.14491,-79.8779,0-10 cm,23-Oct-17,P11,plot,0.56,2.93,6.64,11.58,0.98,863,87,8.27,10.5,0.97,2.41,11.65,3.38,916.3,3686.2,139.9,79.4,877.9,192,7.6,4.4,2.5,14.7,26.6,2548,1.82,0.54,29.73
P11_0402,592,yes,9.14491,-79.8779,0-10 cm,23-Oct-17,P11,plot,0.54,5.68,6.05,7,0.74,519,126,11.45,11,1.77,2.97,16.19,4.74,1156.5,2659,138.4,124.6,872.1,200.7,3.8,1.8,1.8,8.8,26.6,2548,1.82,0.54,21.12
P11_0404,593,yes,9.14491,-79.8779,0-10 cm,23-Oct-17,P11,plot,0.55,1.85,5.94,7.17,0.64,519,50,6.76,7.4,1.04,2.38,10.19,3.43,618.1,3189,173.7,143.3,1403,353.5,3.7,3.6,1.4,6.1,26.6,2548,1.82,0.54,20.7
P12_0202,377,yes,9.17936,-79.8296,0-10 cm,13-Sep-17,P12_BCI,plot,0.63,5.45,5.28,6.01,0.44,380,165,14.04,11.7,0.68,0.4,15.12,1.08,510.1,1583.7,214.5,45.6,708.3,16.5,2.9,2.5,1.4,6.2,26.6,2648,1.89,0.54,19.62
P12_0204,378,yes,9.17936,-79.8296,0-10 cm,13-Sep-17,P12_BCI,plot,0.63,7.79,5.79,4.34,0.37,325,215,15.95,13.5,0.42,0.24,16.61,0.66,673.8,725.5,126.3,61.7,322.4,12.9,2.2,4.3,1.4,4.8,26.6,2648,1.89,0.54,17.25
P12_0303,380,yes,9.17936,-79.8296,0-10 cm,13-Sep-17,P12_BCI,plot,0.66,9.71,5.33,3.8,0.3,327,393,25.55,15.4,0.82,0.34,26.71,1.16,672.1,383.8,83.3,114.1,278.8,32.2,2.4,4.8,0.8,4.4,26.6,2648,1.89,0.54,15.52
P12_0402,382,yes,9.17936,-79.8296,0-10 cm,13-Sep-17,P12_BCI,plot,0.58,8.99,5.03,3.77,0.3,306,400,26.99,14.8,0.19,0.03,27.21,0.22,770.5,397.6,74.5,33.3,268.2,18,2,1,0.9,3.5,26.6,2648,1.89,0.54,16
P12_0404,383,yes,9.17936,-79.8296,0-10 cm,13-Sep-17,P12_BCI,plot,0.57,8.77,5.26,3.92,0.32,300,251,18.09,13.9,0.55,0,18.64,0.55,682.8,766.4,68,28.3,384.9,17.8,2.2,3.4,1.2,4.5,26.6,2648,1.89,0.54,16.89
P13_0202,390,yes,9.18788,-79.821,0-10 cm,13-Sep-17,P13_BCI,plot,0.63,2.43,6.56,11.73,1.02,747.98,189.43,12.19,15.5,3.5,5.27,20.95,8.77,246.9,10750.9,213.3,257,493.6,60.7,5.8,10.2,13.2,11.8,26.6,2675,1.92,0.54,8.95
P13_0204,391,yes,9.18788,-79.821,0-10 cm,13-Sep-17,P13_BCI,plot,0.61,6.42,6.4,4.19,0.35,488.72,38.75,2.61,14.8,1.01,2.3,5.91,3.3,747.6,6542.4,146.9,335.5,1202.4,111.6,3.3,3.1,3.3,4.6,26.6,2675,1.92,0.54,28.59
P13_0303,393,yes,9.18788,-79.821,0-10 cm,13-Sep-17,P13_BCI,plot,0.63,8.92,6.34,2.95,0.28,388.14,53.6,4.69,11.4,1.24,0.91,6.84,2.15,744.4,4814.2,140.5,71.5,957.8,65.4,2,2.1,3,4.2,26.6,2675,1.92,0.54,19.3
P13_0402,395,yes,9.18788,-79.821,0-10 cm,13-Sep-17,P13_BCI,plot,0.67,1.33,6.49,2.62,0.23,366.87,79.68,5.62,14.2,1.05,0.56,7.24,1.61,794.6,3744.2,112.9,264.7,1086,22.9,2.9,1.3,2.1,3,26.6,2675,1.92,0.54,19.39
P13_0404,396,yes,9.18788,-79.821,0-10 cm,13-Sep-17,P13_BCI,plot,0.64,9.77,6.66,2.7,0.26,347.4,59.6,4.71,12.7,0.32,1.72,6.75,2.04,758.3,4026.3,127.9,333,1116.9,19.1,4,0.4,2.2,2.1,26.6,2675,1.92,0.54,13.47
P14_0202,364,yes,9.15824,-79.8612,0-10 cm,12-Sep-17,P14_BCI,plot,0.62,0.47,6.23,4.27,0.41,543.5,665.32,39.94,16.7,1.75,2.56,44.25,4.31,1090.9,1375.4,94.4,23.2,407.7,109.3,2.4,0.8,2,6.4,26.4,2581,1.86,0.54,19.68
P14_0204,365,yes,9.15824,-79.8612,0-10 cm,12-Sep-17,P14_BCI,plot,0.6,2.72,6.59,4.01,0.37,557.37,610.82,37.42775,16.3,1.547,2.1995,41.17425,3.7465,945.9,1310.2,94.9,32,409.1,86.7,2.8,0.6,1.9,6,26.4,2581,1.86,0.54,19.54
P14_0303,367,yes,9.15824,-79.8612,0-10 cm,12-Sep-17,P14_BCI,plot,0.62,0.47,6.32,3.96,0.35,567.69,539.32,29.98575,18,1.4845,2.254,33.72425,3.7385,856,1498.7,103.6,57.6,412.2,78.3,2.9,0.8,2.2,5.8,26.4,2581,1.86,0.54,18.34
P14_0402,369,yes,9.15824,-79.8612,0-10 cm,12-Sep-17,P14_BCI,plot,0.64,0.45,6.01,4.52,0.43,487.33,413.07,27.34,15.1,1.54,1.92,30.8,3.46,812.4,1849.4,125.3,25.3,256.9,338.3,2,1.7,4.4,6.1,26.4,2581,1.86,0.54,19.37
P14_0404,370,yes,9.15824,-79.8612,0-10 cm,12-Sep-17,P14_BCI,plot,0.59,0.51,6.87,5.18,0.51,519.14,413.32,25.85325,16,1.4285,3.7675,31.04925,5.196,640.5,2355.5,123.9,47.4,587.5,239.8,2.7,5.6,2.4,7.7,26.4,2581,1.86,0.54,21.68
P15_0303,133,yes,9.16176,-79.7453,0-10 cm,27-Jul-17,P15,plot,0.66,0.56,6.27,2.09,0.21,288,138,16.49,8.4,0.48,3.75,20.73,4.23,644.9,932,162.4,30.3,257.7,203.6,1.4,1.8,2.2,2.5,26.4,2513,1.78,0.65,10.29
P15_0402,135,yes,9.16176,-79.7453,0-10 cm,27-Jul-17,P15,plot,0.7,1.35,5.78,2.45,0.23,257,76,7.57,10.1,1.6,3.66,12.82,5.26,475.1,1286.3,205.9,33,186.1,283.6,1.2,5,4.2,3.1,26.4,2513,1.78,0.65,9.83
P15_0404,136,yes,9.16176,-79.7453,0-10 cm,27-Jul-17,P15,plot,0.73,1.15,5.92,2.97,0.3,320,94,10.84,8.7,1.05,4.36,16.24,5.4,552.8,1210.2,172.8,69.6,241.6,247.4,1.5,4.4,3,2.9,26.4,2513,1.78,0.65,11.31
P16_0202,221,yes,9.14674,-79.7125,0-10 cm,22-Aug-17,P16,plot,0.65,0.36,6.27,2.73,0.26,282.9,198,21.77,9.1,0.1,3.4,25.28,3.5,868.3,825.4,168.1,40,511,220.7,2,2.3,1,2.6,25.9,2482,1.73,0.65,14.2
P16_0204,222,yes,9.14674,-79.7125,0-10 cm,22-Aug-17,P16,plot,0.62,0.79,6.14,3.47,0.32,338.4,145,16.19,9,1.19,3.4,20.78,4.59,714.1,1339.4,185.8,32.1,573.5,238.2,2,2.8,1.4,4,25.9,2482,1.73,0.65,16.7
P16_0402,226,yes,9.14674,-79.7125,0-10 cm,22-Aug-17,P16,plot,0.66,0.59,5.62,4.29,0.37,364,155,16.96,9.1,1.77,2.49,21.23,4.26,809.3,1732.1,145.3,45.1,770,124.3,2,0.9,1.4,3.4,25.9,2482,1.73,0.65,16.69
P16_0404,227,yes,9.14674,-79.7125,0-10 cm,22-Aug-17,P16,plot,0.6,1.58,6.34,2.15,0.2,197,181,13,13.9,1.73,0.17,14.9,1.9,1121.9,488.6,56.3,8.7,544,48.4,1.2,-0.1,0.5,0.3,25.9,2482,1.73,0.65,11.02
P17_0202,495,yes,9.15181,-79.7158,0-10 cm,4-Oct-17,P17_Pipeline,plot,0.64,1.76,6.41,3.3,0.33,698.9173831,39.6575,3.559647957,11.1,0.603829712,2.724522331,6.888,3.328352043,445.5,3580.3,154.8,35.7,714.4,75.1,4.2,6,3,4.1,26.1,2458,1.74,0.65,12.36363636
P17_0204,496,yes,9.15181,-79.7158,0-10 cm,4-Oct-17,P17_Pipeline,plot,0.63,1.76,6.32,3.5,0.37,857.4283467,29.065,3.679588793,7.9,0.501523032,2.921888174,7.103,3.423411207,411.6,3926,164.3,24.9,588,146.1,4.2,10.3,4,4.5,26.1,2458,1.74,0.65,12.32710927
P17_0303,498,yes,9.15181,-79.7158,0-10 cm,4-Oct-17,P17_Pipeline,plot,0.65,2.43,6.27,3.07,0.3,688.1929799,25.9925,3.597454577,7.2,0.079049125,1.688996298,5.3655,1.768045423,432,4294,158.6,37.8,521.2,124.7,2.5,6,5,4.8,26.1,2458,1.74,0.65,12.69979152
P17_0404,501,yes,9.15181,-79.7158,0-10 cm,4-Oct-17,P17_Pipeline,plot,0.64,2.78,6,2.99,0.29,724.4071742,24.8025,3.115057998,8,0.423836014,2.359105988,5.898,2.782942002,360.8,3960.3,138.9,30.8,657.9,134.1,4.4,4.8,3.6,4.1,26.1,2458,1.74,0.65,8.978632898
P18_0202,574,yes,9.14346,-79.8825,0-10 cm,23-Oct-17,P18,plot,0.56,7.03,6.01,4.39,0.41,454.4113679,71.44,6.649316652,10.7,0.698832572,2.446850775,9.795,3.145683348,689.3,2747.7,231.5,319.5,898.4,87.8,4.4,8.2,1.9,4.6,26.6,2548,1.82,0.54,16.53565968
P18_0204,575,yes,9.14346,-79.8825,0-10 cm,23-Oct-17,P18,plot,0.55,6.07,6.82,3.36,0.36,316.7479847,125.065,8.360773627,15,1.536530313,0.04269606,9.94,1.579226373,876.5,1895.1,166.6,67.7,584.6,100.5,3.6,2.3,2,5.5,26.6,2548,1.82,0.54,15.26481403
P18_0303,577,yes,9.14346,-79.8825,0-10 cm,23-Oct-17,P18,plot,0.64,2.81,6.37,5.28,0.49,422.6253428,50.64,5.640378478,9,1.001804883,1.350316639,7.9925,2.352121522,496.7,4189.6,179.7,194.7,485.5,199.7,3.4,5.6,5.2,8,26.6,2548,1.82,0.54,17.84824421
P18_0402,579,yes,9.14346,-79.8825,0-10 cm,23-Oct-17,P18,plot,0.6,2.55,5.95,3.62,0.4,467.556931,49.24,5.96144179,8.3,1.593957371,1.817100839,9.3725,3.41105821,689.8,3684.8,178.8,45.4,726.4,95,3.3,7.6,3.1,6.8,26.6,2548,1.82,0.54,15.17861934
P18_0404,580,yes,9.14346,-79.8825,0-10 cm,23-Oct-17,P18,plot,0.6,5.59,6.06,3.77,0.41,396.8534207,65.49,6.092269929,10.7,0.75991035,0.242819721,7.095,1.002730071,804.9,2743.9,190.8,60.5,531.5,117.5,2.8,4.3,3.1,7.2,26.6,2548,1.82,0.54,16.97693458
P19_0202,726,yes,9.19917,-79.7741,0-10 cm,6-Dec-17,P19,plot,0.57,0.25,5.71,4.44,0.4,232,579,62.4,9.3,2.7,4.1,69.3,6.8,854.4,151.5,52.1,39.6,81.1,159.7,1.8,1.1,1.1,6.6,25.9,2666,1.91,0.65,8.62
P19_0204,727,yes,9.19917,-79.7741,0-10 cm,6-Dec-17,P19,plot,0.62,0.18,4.86,3.62,0.29,198.59,558,49.4,11.3,0.7,0.9,51,1.6,822.8,21.5,41.3,17.5,29.5,39.4,1.2,0.5,0.4,5.4,25.9,2666,1.91,0.65,17
P19_0303,729,yes,9.19917,-79.7741,0-10 cm,6-Dec-17,P19,plot,0.6,0.14,5.09,4.28,0.34,186.42,627,61.2,10.3,3.3,1.3,65.8,4.6,684,162.6,112.5,51.8,101,155.7,1.7,2.1,1,4.9,25.9,2666,1.91,0.65,14.07
P19_0402,731,yes,9.19917,-79.7741,0-10 cm,6-Dec-17,P19,plot,0.6,0.14,4.91,2.7,0.23,206.96,387,37.3,10.4,0.8,0.1,38.2,0.9,673.2,386,104.7,21.3,185.1,229.1,1.4,1.6,1.3,4.2,25.9,2666,1.91,0.65,16.12
P19_0404,732,yes,9.19917,-79.7741,0-10 cm,6-Dec-17,P19,plot,0.61,0.12,4.91,4,0.34,283.37,400,38.7,10.3,1.2,1.8,41.7,3,666.4,590.9,102.7,36.4,240.7,229.7,1.6,1.2,1.5,6.5,25.9,2666,1.91,0.65,13.77
P20_0202,739,yes,9.19028,-79.7643,0-10 cm,6-Dec-17,P20,plot,0.59,0.86,5.01,3.64,0.33,318.5320101,494.1948375,55.21578076,9,0.841,2.2885,58.34528076,3.1295,770.2,165.6,71.1,83.1,131.5,132.2,1,1.3,0.8,5.6,26.1,2632,1.87,0.65,16.8689465
P20_0204,740,yes,9.19028,-79.7643,0-10 cm,6-Dec-17,P20,plot,0.64,0.27,4.87,3.2,0.3,286.5769728,526.5957447,56.55325508,9.3,0.8295,1.082,58.46475508,1.9115,712.4,120,90.6,48.4,163.1,187.9,0.9,1.1,0.4,4.2,26.1,2632,1.87,0.65,16.18283743
P20_0303,742,yes,9.19028,-79.7643,0-10 cm,6-Dec-17,P20,plot,0.67,0.23,4.76,4.78,0.41,353.8740983,449.9135976,45.19099881,10,2.34,2.242,49.77299881,4.582,576.3,468.8,76.9,73.3,247.6,117.7,1.3,1.3,1.1,5.7,26.1,2632,1.87,0.65,19.17933814
P20_0402,744,yes,9.19028,-79.7643,0-10 cm,6-Dec-17,P20,plot,0.63,0.6,4.64,3.48,0.3,292.3917728,504.9951399,51.90360573,9.7,1.6595,1.5265,55.08960573,3.186,561.4,512.2,99.1,68.4,146.9,182.3,0.8,4.9,2.1,4.4,26.1,2632,1.87,0.65,16.72154889
P20_0404,745,yes,9.19028,-79.7643,0-10 cm,6-Dec-17,P20,plot,0.66,0.36,4.61,4.76,0.41,323.2534896,469.3541419,48.66919355,9.6,2.108,0.997,51.77419355,3.105,540.6,601.8,95,93.3,272.8,164.1,1.4,2.4,1.3,6.4,26.1,2632,1.87,0.65,18.13027744
P21_0202,4,yes,9.1415,-79.6935,0-10 cm,17-Jul-17,P21,plot,0.63,8.81,6.86,9.88,0.93,484,114.321201,8.27,13.8,1.31,11.71,21.29,13.02,664.9,7520.1,89.6,96.4,836.4,35.2,7,8.9,5.5,7.4,26.5,2304,1.6,0.71,25.8
P21_0204,5,yes,9.1415,-79.6935,0-10 cm,17-Jul-17,P21,plot,0.6,2.41,6.26,4.3,0.43,376,68.01490442,0.05,13.8,2.67,0.71,3.43,3.37,816.4,5167,87.4,28,852,22,5.3,0.4,3.7,4.1,26.5,2304,1.6,0.71,19
P21_0303,7,yes,9.1415,-79.6935,0-10 cm,17-Jul-17,P21,plot,0.56,7.49,6.38,3.75,0.36,333,58.91564964,4.53,13,1.26,0.25,6.04,1.51,1051.2,5385.9,55.9,172.1,905.4,10.2,3.7,1.4,3.6,2.2,26.5,2304,1.6,0.71,15.2
P21_0402,9,yes,9.1415,-79.6935,0-10 cm,17-Jul-17,P21,plot,0.59,4.54,6.34,4.06,0.35,367,64.07279404,7.74,8.3,1.04,0.34,9.12,1.38,645.8,4265.4,69.1,66.8,819.2,58.9,3.2,0.7,3.2,2.9,26.5,2304,1.6,0.71,21.4
P21_0404,10,yes,9.1415,-79.6935,0-10 cm,17-Jul-17,P21,plot,0.55,6.91,6.51,5.93,0.53,371,69.47294524,2.02,34.3,1.16,0.78,3.96,1.94,579.2,4238.5,65.8,48.8,555.7,104.2,4.9,0.7,4.6,3.3,26.5,2304,1.6,0.71,17.9
P22_0202,17,yes,9.1479,-79.6931,0-10 cm,17-Jul-17,P22,plot,0.57,5.84,6.34,2.93,0.28,377.5011145,43.895,5.13025,8.6,1.5655,2.8015,9.49725,4.367,780.5,1877.9,141.8,168.7,762.4,100.3,4.3,3.1,1.5,2.8,26.1,2401,1.67,0.71,11.87598529
P22_0204,18,yes,9.1479,-79.6931,0-10 cm,17-Jul-17,P22,plot,0.66,6.62,6.24,3.32,0.29,455.4904367,26.72,1.48275,18,0.8975,3.702,6.08225,4.5995,739.5,2360.2,150.3,69.5,526.6,181.4,3.6,5.4,2.7,3.7,26.1,2401,1.67,0.71,9.777163586
P22_0303,20,yes,9.1479,-79.6931,0-10 cm,17-Jul-17,P22,plot,0.58,2.84,6.66,3,0.3,465.4147439,34.845,2.40775,14.5,0.716,2.596,5.71975,3.312,835.4,2406.8,166.3,68.8,604.1,184.2,4.3,7,2.4,3.3,26.1,2401,1.67,0.71,11.33505599
P22_0402,22,yes,9.1479,-79.6931,0-10 cm,17-Jul-17,P22,plot,0.52,7.9,6.58,5.35,0.48,628.4503259,51.92,3.28875,15.8,1.1285,7.1975,11.61475,8.326,831,2145.1,153.5,170.2,458.4,190.8,6.3,5.5,2.8,6.8,26.1,2401,1.67,0.71,15.14084507
P22_0404,23,yes,9.1479,-79.6931,0-10 cm,17-Jul-17,P22,plot,0.59,3.26,6.35,2.61,0.25,436.2478031,55.42,4.98725,11.1,0.3215,3.3935,8.70225,3.715,701.6,2719.9,197.5,276,935.5,85.7,5.8,6.7,1.8,4.6,26.1,2401,1.67,0.71,10.19283747
P23_0202,55,yes,9.1217,-79.6731,0-10 cm,20-Jul-17,P23,plot,0.58,19.34,6.22,3.43,0.33,1449.322997,40.07,6.80125,5.9,0.2065,4.6125,11.62025,4.819,463.9,4442.7,140,261.6,393.1,60.2,24.5,1.7,6.9,4,26.4,2235,1.54,0.71,12.9543497
P23_0204,56,yes,9.1217,-79.6731,0-10 cm,20-Jul-17,P23,plot,0.57,30.1,6.43,1.49,0.12,1541.153615,34.095,4.28925,7.9,0.7135,2.665,7.66775,3.3785,482.1,4057.6,79.7,343.3,398.2,33.7,49.2,1.7,6.2,1.8,26.4,2235,1.54,0.71,9.125762916
P23_0303,58,yes,9.1217,-79.6731,0-10 cm,20-Jul-17,P23,plot,0.67,25.65,6.07,3.4,0.34,1505.358185,28.07,5.11675,5.5,0.4375,1.7885,7.34275,2.226,452.9,4044,125.2,520.1,565,92.6,36.3,3.5,4.3,2.7,26.4,2235,1.54,0.71,10.41928239
P23_0402,60,yes,9.1217,-79.6731,0-10 cm,20-Jul-17,P23,plot,0.73,57.19,6.59,2.65,0.26,792.6815263,36.795,8.06925,4.6,1.0195,1.484,10.57275,2.5035,533.8,3948.3,119.5,340.8,507.9,58.1,9.8,4.1,4.7,2.7,26.4,2235,1.54,0.71,11.42141254
P23_0404,61,yes,9.1217,-79.6731,0-10 cm,20-Jul-17,P23,plot,0.68,18.52,5.85,2.95,0.29,815.2654092,32.345,5.56725,5.8,0.9165,2.079,8.56275,2.9955,546.3,4264.8,145.4,263.5,558.8,59.3,8.3,4,4.6,2.9,26.4,2235,1.54,0.71,12.15377603
P24_0202,68,yes,9.12372,-79.6767,0-10 cm,20-Jul-17,P24,plot,0.68,4.42,6.23,8.95,0.84,907.998889,47.69,3.958441083,12,1.200251759,5.287307158,10.446,6.487558917,355.5,2207.1,154.2,467.4,959.1,260.3,5.6,5,1.4,10.8,26.5,2216,1.52,0.71,23.0835995
P24_0204,69,yes,9.12372,-79.6767,0-10 cm,20-Jul-17,P24,plot,0.48,4.07,5.96,6.53,0.62,746.4481536,124.215,7.519308172,16.5,1.124802713,4.561889116,13.206,5.686691828,520,1955.5,172,374.2,850.8,244.7,4,6.8,1.4,7.7,26.5,2216,1.52,0.71,18.42947332
P24_0303,71,yes,9.12372,-79.6767,0-10 cm,20-Jul-17,P24,plot,0.57,10.51,6.17,8.43,0.76,900.7931538,43.44,5.023207869,8.6,1.439549216,4.945742915,11.4085,6.385292131,431.8,2544.3,162.5,492.5,1000.8,271.6,6.6,7.9,1.5,9.9,26.5,2216,1.52,0.71,22.26222779
P24_0402,73,yes,9.12372,-79.6767,0-10 cm,20-Jul-17,P24,plot,0.73,4.84,6.04,4.28,0.4,757.8592536,83.515,6.152962552,13.6,0.3575231,1.903014348,8.4135,2.260537448,759.3,3273.4,113,292.9,1521.9,64.2,4.4,2.8,1.3,5.5,26.5,2216,1.52,0.71,16.54840479
P24_0404,74,yes,9.12372,-79.6767,0-10 cm,20-Jul-17,P24,plot,0.62,10.91,5.23,5.01,0.45,1285.032178,81.965,5.849774636,14,1.462121738,3.589103625,10.901,5.051225364,595.8,2273.3,112,290.4,509.4,148,4.6,2.8,2.7,5.1,26.5,2216,1.52,0.71,16.38294928
P25_0202,664,yes,9.07852,-79.7989,0-10 cm,29-Nov-17,P25,plot,0.69,0.04,4.45,2.96,0.19,60.017,398.523,27.1,14.7,0.9,0.7,28.7,1.6,1066.8,47.2,155.7,18.2,97.2,5.3,1.6,0.5,0.3,2.1,26.5,2380,1.66,0.74,9.616
P25_0204,665,yes,9.07852,-79.7989,0-10 cm,29-Nov-17,P25,plot,0.7,0.46,4.59,3.16,0.22,79.31,380.773,26.8,14.2,1.2,2.4,30.4,3.6,1069.2,24.7,119.1,22.2,72,31.9,1.9,1.8,0.2,2.1,26.5,2380,1.66,0.74,10.058
P25_0303,667,yes,9.07852,-79.7989,0-10 cm,29-Nov-17,P25,plot,0.69,0.28,4.57,3.97,0.26,78.697,410.523,28.1,14.6,1.5,2.2,31.8,3.6,1043.9,36.6,242.2,181.4,78.6,21.3,2.3,1.7,0.3,2,26.5,2380,1.66,0.74,11.46
P25_0402,669,yes,9.07852,-79.7989,0-10 cm,29-Nov-17,P25,plot,0.65,0.3,4.55,2.97,0.22,78.745,361.023,29,12.5,1.8,0.8,31.6,2.6,1073.1,29.1,114.3,24.4,137.1,61,2.2,1.2,0.1,2.3,26.5,2380,1.66,0.74,14.561
P25_0404,670,yes,9.07852,-79.7989,0-10 cm,29-Nov-17,P25,plot,0.66,0.28,4.24,3.79,0.26,83.381,354.273,27.9,12.7,3.5,1.7,33.2,5.2,957,34.1,252.9,26.4,113,9.4,2.3,3,0.2,2.2,26.5,2380,1.66,0.74,10.557
P26_0202,677,yes,9.07646,-79.7869,0-10 cm,29-Nov-17,P26,plot,0.65,0.26,4.4,3.79,0.27,79.26612128,325.89,20.51544317,15.9,0.981784459,1.602772371,23.1,2.58455683,1352.9,52,149.2,34.7,65.9,2.2,1.5,0.9,0.5,1.4,26.5,2368,1.64,0.74,10.91531978
P26_0204,678,yes,9.07646,-79.7869,0-10 cm,29-Nov-17,P26,plot,0.7,0.71,4.65,4.32,0.3,94.01198695,323.89,21.10133284,15.3,0.658064608,0.815602552,22.575,1.47366716,1352.8,81.8,116.6,28.6,51.2,2.3,1.5,0.6,1,2.2,26.5,2368,1.64,0.74,11.98831907
P26_0303,680,yes,9.07646,-79.7869,0-10 cm,29-Nov-17,P26,plot,0.68,0.15,4.53,4.03,0.28,99.341077,286.14,19.0806601,15,0.441707945,0.655131959,20.1775,1.096839903,1270,57,154.2,18.1,64.8,3.7,1.4,0.7,0.5,1.7,26.5,2368,1.64,0.74,11.86001738
P26_0402,682,yes,9.07646,-79.7869,0-10 cm,29-Nov-17,P26,plot,0.68,0.21,4.52,3.54,0.27,92.65684763,238.14,15.13612269,15.7,0.300560237,0.460817074,15.8975,0.76137731,1157.3,28.3,176.1,26.2,125.4,1.8,1.5,0.5,0.1,1.6,26.5,2368,1.64,0.74,11.10526405
P26_0404,683,yes,9.07646,-79.7869,0-10 cm,29-Nov-17,P26,plot,0.67,0.12,4.71,3.44,0.27,96.67276516,335.64,24.96743075,13.4,0.694832996,0.737736254,26.4,1.432569251,1329.8,23.1,122.4,19.4,38.9,1.8,1.3,0.6,0.4,1.6,26.5,2368,1.64,0.74,10.64409551
P27_0202,234,yes,9.08048,-79.6451,0-10 cm,23-Aug-17,P27,plot,0.59,7.51,6.44,2.06,0.19,166,39,2.49,15.6,1.43,0.77,4.69,2.2,662.6,3059.5,344.7,179.5,771.9,48.9,5.6,3.5,2.4,4,25.9,2290,1.57,0.7,8.51
P27_0204,235,yes,9.08048,-79.6451,0-10 cm,23-Aug-17,P27,plot,0.47,8.55,7.08,3.12,0.28,689,45,4.74,9.4,2.1,1.01,7.85,3.11,711.5,2061.2,182.9,179.5,427,44.2,6.1,11.2,2.9,4.1,25.9,2290,1.57,0.7,17.64
P27_0303,237,yes,9.08048,-79.6451,0-10 cm,23-Aug-17,P27,plot,0.64,2.41,6.21,2.08,0.18,440,46,2.73,16.7,1.29,1.28,5.3,2.57,654.5,1545,133.7,164.3,639,77.2,3.4,2.1,1.5,3.3,25.9,2290,1.57,0.7,16.21
P27_0402,239,yes,9.08048,-79.6451,0-10 cm,23-Aug-17,P27,plot,0.66,5,6.62,1.91,0.17,171,71,8.51,8.3,1.84,2.6,12.95,4.44,632.2,4209,201.2,176.9,1144.2,83.9,5.7,4.8,2.2,9.6,25.9,2290,1.57,0.7,7.57
P27_0404,240,yes,9.08048,-79.6451,0-10 cm,23-Aug-17,P27,plot,0.67,0.63,6.29,1.28,0.12,394,73,5.96,12.2,1.42,0.26,7.65,1.69,688.9,1032.6,118.6,109,375.5,84.1,2.2,1.6,1.7,1.3,25.9,2290,1.57,0.7,15.53
P28_0202,518,yes,9.08652,-79.6424,0-10 cm,9-Oct-17,P28,plot,0.64,3.88,6.59,4.56,0.37,461,69,9.3,7.4,2.33,3.33,14.96,5.66,693.9,3141.3,248.5,58.4,692,108.2,3.4,5,2.8,5.1,26,2284,1.56,0.7,21.77
P28_0204,519,yes,9.08652,-79.6424,0-10 cm,9-Oct-17,P28,plot,0.6,2.12,6.02,3.77,0.32,304,53,6.06,8.7,2.37,1.88,10.32,4.26,585,2607,246.5,46.4,893.2,94.4,2.4,3.6,1.8,4.6,26,2284,1.56,0.7,19.53
P28_0303,521,yes,9.08652,-79.6424,0-10 cm,9-Oct-17,P28,plot,0.66,2.16,6.33,3.49,0.31,343,61,10.41,5.9,3.73,1.65,15.79,5.37,818.5,1942.3,214.6,110.7,841.3,67.6,2.5,3.9,1.4,5.2,26,2284,1.56,0.7,19.77
P28_0402,523,yes,9.08652,-79.6424,0-10 cm,9-Oct-17,P28,plot,0.64,5.47,6.43,2.31,0.2,332,73,7.43,9.8,1.6,1.32,10.35,2.92,982,2462.3,172.7,44.5,697.9,183.1,2,1.9,2.1,3.1,26,2284,1.56,0.7,17.38
P28_0404,524,yes,9.08652,-79.6424,0-10 cm,9-Oct-17,P28,plot,0.67,2.03,6.87,3.11,0.27,335,109,14.95,7.3,0.87,0.92,16.74,1.79,871.7,1717.8,192.6,110.2,653,119.6,1.9,3.6,1.6,2.9,26,2284,1.56,0.7,17.38
P32_0202,338,yes,9.35583,-79.7269,0-10 cm,6-Sep-17,P32,plot,0.49,0.35,5.89,5.03,0.5,274.5147397,226.9725,24.5015,9.3,2.792,1.8365,29.13,4.6285,1015,1407.7,178.4,65.1,345,203.2,0.9,3.4,2.5,4.9,25,3068,2.26,0.7,19.35997171
P32_0204,339,yes,9.35583,-79.7269,0-10 cm,6-Sep-17,P32,plot,0.49,0.59,5.73,5.76,0.48,342.6083701,299.3225,28.7785,10.4,2.303,2.2235,33.305,4.5265,1037.8,1054.5,187.5,61.6,284.9,141.2,1.8,4.7,2.2,5.2,25,3068,2.26,0.7,20.88529773
P32_0303,341,yes,9.35583,-79.7269,0-10 cm,6-Sep-17,P32,plot,0.58,0.24,6.14,3.59,0.34,273.292168,177.4225,19.484,9.1,1.3135,1.055,21.8525,2.3685,1023.8,1359.9,165.7,49.5,274.4,212.7,0.9,6.8,3,5,25,3068,2.26,0.7,16.98510079
P32_0402,343,yes,9.35583,-79.7269,0-10 cm,6-Sep-17,P32,plot,0.57,0.74,5.77,3.68,0.35,276.9029996,102.4975,11.7185,8.7,2.588,0.901,15.2075,3.489,906.7,2074.6,167.6,71.5,474.7,199,0.9,8.6,2.6,4.9,25,3068,2.26,0.7,17.06760316
P32_0404,344,yes,9.35583,-79.7269,0-10 cm,6-Sep-17,P32,plot,0.57,0.48,5.45,6.27,0.62,387.8085012,173.6975,20.9345,8.3,6.7455,1.225,28.905,7.9705,971.8,1835.5,190.8,49.8,343.4,185.9,1.2,6.5,3.2,6.2,25,3068,2.26,0.7,21.93229901
P40Cha_tr0104,45,yes,9.0895,-79.6733,0-10 cm,19-Jul-17,P40_Charco,transect,0.61,7.13,5.49,3.56,0.33,926.2507203,166.9336055,10.59411861,15.8,1.452140851,0.455671784,12.50193125,1.907812635,1432.7,1635.9,148.4,34.6,903.2,81.9,5.9,10.8,1.1,3.2,26.2,2266,1.58,0.7,17.10409136
P40Cha_tr0105,46,yes,9.0893,-79.673,0-10 cm,19-Jul-17,P40_Charco,transect,0.61,6.39,5.37,4.4,0.39,981.1655405,216.8638658,12.97426725,16.7,3.929844869,1.884539244,18.78865137,5.814384114,1340.2,1960.4,151.7,32.5,796.5,147.8,2.7,2.2,1.5,5.1,26.2,2266,1.58,0.7,16.47135417
P40Cha_tr0202,48,yes,9.0903,-79.6725,0-10 cm,19-Jul-17,P40_Charco,transect,0.54,6.7,4.94,4.85,0.38,442.3703526,219.273813,14.34067364,15.3,2.058904645,1.523102344,17.92268063,3.582006989,1538.9,205.6,151.5,25.2,84.6,122.6,3.3,0.3,1.5,1.1,26.2,2266,1.58,0.7,16.07902319
P40Cha_tr0204,50,yes,9.0905,-79.6727,0-10 cm,19-Jul-17,P40_Charco,transect,0.63,3.17,4.92,4.61,0.39,521.3168837,294.734266,19.28654873,15.3,1.595957914,2.568925887,23.45143254,4.164883802,1735.3,536.3,170.3,38.8,587.4,99.4,3.3,4.2,0.6,1.5,26.2,2266,1.58,0.7,14.96099522
P40Cha_tr0205,51,yes,9.0904,-79.6726,0-10 cm,19-Jul-17,P40_Charco,transect,0.68,3.66,4.81,4.37,0.35,393.7838022,226.1124256,17.07657619,13.2,1.223606149,1.674668722,19.97485106,2.898274871,1568.1,555,113.7,42.7,240.4,134.4,2.3,3,1.4,1.1,26.2,2266,1.58,0.7,13.52767101
P40Cha_tr0304,508,yes,9.08484,-79.66264,0-10 cm,5-Oct-17,P40_Charco,transect,0.62,0.94,5.24,4.37,0.33,317.3052374,151.5459057,14.28036707,10.6,1.641539461,1.075768317,16.99767485,2.717307778,1147.8,960.3,147.9,40.9,214.6,78.5,2.6,2,2.7,2.4,26,2313,1.58,0.7,13.37679359
P40Cha_tr0305,509,yes,9.08491,-79.66258,0-10 cm,5-Oct-17,P40_Charco,transect,0.59,0.29,5.05,3.98,0.3,268.5626901,306.7263719,16.24604141,13.6,1.630002042,1.710616318,19.58665977,3.34061836,1238.1,220.7,161.2,28.9,151.9,35.7,1.8,0.2,0.9,2.2,26,2313,1.58,0.7,13.50510884
P40Cha_tr0502,511,yes,9.08315,-79.66638,0-10 cm,5-Oct-17,P40_Charco,transect,0.7,0.35,4.52,4.25,0.32,426.2520685,264.2204377,22.1805778,11.9,2.632019063,0.302354757,25.11495162,2.93437382,1065.4,35.3,254.3,26.2,28.5,11.1,3.1,0.6,0.7,0.2,26.3,2219,1.53,0.7,12.90736551
P40Cha_tr0504,513,yes,9.08327,-79.66662,0-10 cm,5-Oct-17,P40_Charco,transect,0.76,1.01,5.35,3.31,0.22,363.7486084,204.9760958,16.98478769,12.1,1.820787232,0.234842629,19.04041755,2.055629861,865.9,135.4,170.1,18.8,29.4,15.3,2.8,0.8,2.8,0,26.3,2219,1.53,0.7,10.75127349
P40Cha_tr0505,514,yes,9.08333,-79.66632,0-10 cm,5-Oct-17,P40_Charco,transect,0.7,3.93,5.47,1.94,0.15,489.4353738,174.8370578,11.90639332,14.7,2.868263829,0.082329795,14.85698695,2.950593624,949.9,26.3,183.8,18.6,29.1,47.2,2.4,0,0.5,0.2,26.3,2219,1.53,0.7,8.910006908
Pat_p40_01,533,yes,9.00305,-79.56621,0-10 cm,10-Oct-17,P40_Patacon,transect,0.71,2.79,5.16,6.79,0.44,309.2329715,232.5960813,18.35842235,12.7,1.381362817,2.62481037,22.36459553,4.006173187,1140.5,60.6,302.4,21.8,20,1.6,3.6,0.8,1.8,0.3,26.8,1895,1.25,0.59,17.50140591
Pat_p40_02,534,yes,9.01369,-79.5964,0-10 cm,10-Oct-17,P40_Patacon,transect,0.72,3.42,4.79,8.25,0.54,354.9146979,236.6297901,19.40989964,12.2,2.906934307,3.866788321,26.18362226,6.773722628,1432.5,118.6,274.1,22.4,21.4,3.2,5.2,1,3.4,0.4,26.8,1969,1.31,0.59,19.31177134
Pat_p40_03,535,yes,9.01383,-79.59627,0-10 cm,10-Oct-17,P40_Patacon,transect,0.71,5.36,4.51,7.25,0.51,330.983682,212.7070393,20.34865955,10.5,3.882578792,1.470159597,25.70139794,5.352738388,1372.7,57.3,178.4,19.3,16.5,1.7,3.7,0.6,2.1,0.5,26.8,1969,1.31,0.59,16.9249919
Pat_p40_04,536,yes,9.01384,-79.59626,0-10 cm,10-Oct-17,P40_Patacon,transect,0.71,3.55,4.95,6.25,0.43,313.7380463,180.6539684,16.54060854,10.9,1.606637041,1.926026204,20.07327178,3.532663245,1277.1,95.7,266,32.8,28.6,2,3.9,1.2,2,0.5,26.8,1969,1.31,0.59,15.0969035
Pat_p40_05,537,yes,9.0136,-79.59626,0-10 cm,10-Oct-17,P40_Patacon,transect,0.72,3.32,5.03,6.42,0.43,340.8616811,287.657255,26.88387359,10.7,1.149872131,1.448351398,29.48209712,2.598223529,1343.4,54.9,254.7,30.2,14.4,1.2,4.4,1.2,2.3,0.4,26.8,1969,1.31,0.59,15.04703797
PNT_tr0101,566,yes,9.54503,-79.6027,0-10 cm,19-Oct-17,PortobeloNvoTonosi,transect,0.56,1.13,6.02,1.87,0.18,201,264,22,11.9,2,1,25,3,1429.2,765.2,47.8,48.6,295.9,54.2,0.7,1.1,1.6,2,26.6,3325,2.43,0.62,15
PNT_tr0102,567,yes,9.54503,-79.6027,0-10 cm,19-Oct-17,PortobeloNvoTonosi,transect,0.49,1.07,5.91,4.19,0.38,336,204,21,9.5,4,1,27,6,1557.2,1250.2,125.8,81.9,544.9,107.4,1.6,2.1,1.4,3.7,26.6,3325,2.43,0.62,18
PNT_tr0103,568,yes,9.54503,-79.6027,0-10 cm,19-Oct-17,PortobeloNvoTonosi,transect,0.56,4.24,5.6,3.68,0.36,295,230,23,9.9,2,1,26,2,1283.5,1246.8,98.5,70.3,607.7,125.5,1,3.4,1.2,3.4,26.6,3325,2.43,0.62,17
PNT_tr0104,569,yes,9.54503,-79.6027,0-10 cm,19-Oct-17,PortobeloNvoTonosi,transect,0.56,1.89,6.23,3.12,0.3,345,113,13,8.9,2,0,15,2,1177.2,2100.1,92.6,115.2,808.9,91.2,0.9,1.6,1.6,4.1,26.6,3325,2.43,0.62,16
PNT_tr0105,570,yes,9.54503,-79.6027,0-10 cm,19-Oct-17,PortobeloNvoTonosi,transect,0.54,1.16,5.85,2.28,0.24,401,89,9,9.9,1,1,11,2,1419.3,2797.1,103.6,151,800.9,55.6,0.9,2.1,2.1,3.2,26.6,3325,2.43,0.62,12
PP1_0202,690,yes,8.942767,-79.60234,0-10 cm,30-Nov-17,PanamaPacifico,plot,0.67,0.66,8.05,5.3,0.44,977.82,61.39,7.13,8.6,0.85,3.84,11.82,4.69,661,3359.5,64.3,107,455.7,226.9,3.6,2.6,4.5,4.79,26.5,1979,1.31,0.63,20.87
PP1_0204,691,yes,8.942767,-79.60234,0-10 cm,30-Nov-17,PanamaPacifico,plot,0.73,1.28,6.42,3.6,0.31,837.22,58.07,7.27,8,0.42,2.37,10.06,2.79,724.9,2019.4,71.7,55,262.5,254.1,2.3,0.7,4.7,3.68,26.5,1979,1.31,0.63,16.43
PP1_0303,693,yes,8.942767,-79.60234,0-10 cm,30-Nov-17,PanamaPacifico,plot,0.71,1.37,6.41,2.81,0.24,751.72,62.62,6.53,9.6,0.16,1.38,8.07,1.54,598.9,2000.1,51.3,152.6,237.4,109.2,2.3,1.1,5.1,1.41,26.5,1979,1.31,0.63,16.56
PP1_0402,695,yes,8.942767,-79.60234,0-10 cm,30-Nov-17,PanamaPacifico,plot,0.71,2.01,6.77,3.55,0.3,853.28,46.76,6.36,7.4,0.77,2.68,9.81,3.45,596.2,2691.7,125.2,34.1,501.8,347,2,1.8,3.3,3.57,26.5,1979,1.31,0.63,16.7
PP1_0404,696,yes,8.942767,-79.60234,0-10 cm,30-Nov-17,PanamaPacifico,plot,0.66,2.04,6.99,3.35,0.28,760.8,37.12,4.62,8,0.28,1.76,6.66,2.05,641.5,2173.6,108,30,240.5,263.6,2,2.8,5.5,2.07,26.5,1979,1.31,0.63,16.39
QL_0101,636,yes,9.54503,-79.6027,0-10 cm,1-Nov-17,QuebradaLopez,transect,0.62,0.15,5.23,6.88,0.56,251.5819999,270.4254322,21.8620299,12.4,2.942996417,1.215062304,26.02008862,4.158058721,1281.8,1204.6,97.5,30.2,289.6,89.8,0.8,1.4,2.5,5,26.6,3325,2.43,0.62,23.51164276
QL_0102,637,yes,9.544886,-79.603039,0-10 cm,1-Nov-17,QuebradaLopez,transect,0.57,0.11,5.57,5.32,0.43,209.2335391,226.925496,23.25199672,9.8,5.799948911,2.373101835,31.42504747,8.173050746,824.2,1627.6,116.4,29.5,389.2,148.7,0.6,2,2.5,5.3,26.6,3325,2.43,0.62,20.61899863
QL_0103,638,yes,9.544986,-79.602603,0-10 cm,1-Nov-17,QuebradaLopez,transect,0.56,0.14,5.58,4.85,0.38,204.3077766,262.9751013,29.80872747,8.8,1.927009898,0.991122992,32.72686036,2.91813289,899.6,1140.8,119.7,53.9,242.1,55,0.5,0.9,2.9,4,26.6,3325,2.43,0.62,18.93641064
QL_0104,639,yes,9.544597,-79.602363,0-10 cm,1-Nov-17,QuebradaLopez,transect,0.59,0.9,5.22,6.8,0.54,232.2799331,419.3900716,37.059344,11.3,1.980639919,3.382283929,42.42226785,5.362923848,1045,879.9,128.1,48.7,159.6,36.7,0.7,1.9,3.3,3.8,26.6,3325,2.43,0.62,22.53885563
QL_0105,640,yes,9.544729,-79.602563,0-10 cm,1-Nov-17,QuebradaLopez,transect,0.59,0.12,5.92,4.37,0.4,192.118024,388.283046,34.15368095,11.4,1.5853507,1.227401087,36.96643274,2.812751787,869.6,811.7,119.2,19.7,175.7,110.9,0.4,35.2,2.8,3.7,26.6,3325,2.43,0.62,18.59460941
Rou_0202,260,yes,9.334823,-79.780851,0-10 cm,28-Aug-17,Roubik,plot,0.58,0.1,4.95,4.76,0.34,133.5,426.05,36.12,11.8,1.14,5.18,42.44,6.32,1129.98,30.77,77.91,23.14,20.74,1.94,1.24,0.57,0.9,1.4,25.5,3105,2.29,0.7,18.31
Rou_0204,261,yes,9.334823,-79.780851,0-10 cm,28-Aug-17,Roubik,plot,0.59,0.14,4.94,6.45,0.43,187.7,352.88,29.05,12.1,0.61,3.43,33.09,4.04,1123.83,141.19,75.88,19.25,44.78,8.3,1.66,0.73,1.9,1.8,25.5,3105,2.29,0.7,22.73
Rou_0303,263,yes,9.334823,-79.780851,0-10 cm,28-Aug-17,Roubik,plot,0.63,0.13,4.76,5.78,0.39,114.28,369.41,29.61,12.5,0.2,1.75,31.55,1.94,905.55,24.69,136.72,20.61,51.35,1.44,1.07,0.47,0.3,1.3,25.5,3105,2.29,0.7,22.28
Rou_0402,265,yes,9.334823,-79.780851,0-10 cm,28-Aug-17,Roubik,plot,0.63,0.09,5,5.34,0.35,141.62,340.17,28.21,12.1,0.89,3.08,32.18,3.97,1401.04,199.44,79.62,51.62,71.21,17.73,1.79,1.15,1.7,1,25.5,3105,2.29,0.7,19.93
Rou_0404,266,yes,9.334823,-79.780851,0-10 cm,28-Aug-17,Roubik,plot,0.6,0.08,5.41,2.25,0.17,57.76,390.9,32.45,12,0.39,2.42,35.26,2.8,759.95,46.36,107.2,14.86,9.32,1.93,1.03,0.21,3,0.8,25.5,3105,2.29,0.7,17.75
She1_0202,273,yes,9.33253,-79.9541,0-10 cm,29-Aug-17,Sherman1,plot,0.6,7.25,6.3,3.46,0.34,478,35,4.55,7.6,0.6,3.24,8.38,3.83,832.4,2563.2,98.4,93.9,408.7,21.4,5.5,1.6,3.8,2.2,26.4,3286,2.47,0.57,11.74
She1_0204,274,yes,9.33253,-79.9541,0-10 cm,29-Aug-17,Sherman1,plot,0.53,5.03,7.13,9.11,0.71,789,54,10.07,5.4,0.97,4.69,15.74,5.66,610.2,6172.6,191.6,28.8,349.6,62.3,3.7,3.3,10.7,10,26.4,3286,2.47,0.57,24.02
She1_0303,276,yes,9.33253,-79.9541,0-10 cm,29-Aug-17,Sherman1,plot,0.64,3,6.16,8.55,0.71,652,74,8.35,8.8,1.59,5.14,15.08,6.73,707.1,4827.7,130.2,42.8,298.3,17.9,6.1,7.4,9.8,8,26.4,3286,2.47,0.57,19.83
She1_0402,278,yes,9.33253,-79.9541,0-10 cm,29-Aug-17,Sherman1,plot,0.68,1.88,6.19,3.12,0.26,372,32,5.61,5.7,1,1.7,8.32,2.7,683.4,2488.1,127.1,19.4,122.5,35.1,4,1.8,12.3,2.6,26.4,3286,2.47,0.57,9.36
She1_0404,279,yes,9.33253,-79.9541,0-10 cm,29-Aug-17,Sherman1,plot,0.64,7.23,6.49,5.52,0.49,682,49,3.52,13.9,0.72,3.18,7.42,3.9,736,3631.3,168.8,26.7,129.7,15.1,6.8,1,17,3.5,26.4,3286,2.47,0.57,14.84
She2_0202,299,yes,9.32296,-79.9621,0-10 cm,31-Aug-17,Sherman2,plot,0.52,0.26,5.1,4.26,0.35,173,388,28.2,13.8,3.23,0.56,31.98,3.78,1071.4,1326.7,112.1,23.4,501,17.6,1.5,0.8,1.6,2.8,26.4,3283,2.46,0.57,18.77
She2_0204,300,yes,9.32296,-79.9621,0-10 cm,31-Aug-17,Sherman2,plot,0.55,0.2,5.27,4.9,0.43,216,338,26,13,6.83,0.85,33.67,7.67,1001,1458.4,145.1,40.9,459.7,50.1,1.5,2.9,1.9,3.1,26.4,3283,2.46,0.57,20.07
She2_0303,302,yes,9.32296,-79.9621,0-10 cm,31-Aug-17,Sherman2,plot,0.5,0.2,5.44,2.84,0.28,154,550,43.97,12.5,2.44,1.63,48.04,4.07,1240.6,840.1,121.1,29.4,372.2,14.2,1.1,1,1.4,1.7,26.4,3283,2.46,0.57,16.15
She2_0402,304,yes,9.32296,-79.9621,0-10 cm,31-Aug-17,Sherman2,plot,0.64,0.26,5.58,4.11,0.36,215,382,26.45,14.4,1.72,1.58,29.75,3.3,1136.6,666.9,130.3,68.5,279.6,10.8,1.6,0.7,1.4,2.3,26.4,3283,2.46,0.57,18.71
She2_0404,305,yes,9.32296,-79.9621,0-10 cm,31-Aug-17,Sherman2,plot,0.56,0.22,5.62,5.81,0.47,222,332,26.96,12.3,1.8,2.59,31.35,4.39,963,1237.2,158.4,39.5,354.6,51.9,1.6,2.2,2.1,3.3,26.4,3283,2.46,0.57,20.9
She3_0202,436,yes,9.26033,-79.956,0-10 cm,27-Sep-17,Sherman3,plot,0.57,8.26,6.53,4.66,0.5,775.9329738,81.215,7.02275,11.6,2.1885,1.4905,10.70175,3.679,2838.1,312.8,64.3,15.9,484.1,67.6,5,1.6,0.4,6.7,26,3106,2.31,0.63,17.52854386
She3_0204,437,yes,9.26033,-79.956,0-10 cm,27-Sep-17,Sherman3,plot,0.49,15.53,6.59,3.66,0.39,672.8690428,53.315,3.73075,14.3,1.1555,1.558,6.44425,2.7135,1307.7,2407.1,73.1,17.5,1293.4,31.7,6.6,6.4,1.1,6.6,26,3106,2.31,0.63,14.2692489
She3_0303,439,yes,9.26033,-79.956,0-10 cm,27-Sep-17,Sherman3,plot,0.52,9.07,7.42,3.03,0.28,541.1962214,34.415,1.98225,17.4,0.895,0.7395,3.61675,1.6345,952.1,3071.9,175.7,30.8,222.2,56.1,4.7,4.2,8.4,4.6,26,3106,2.31,0.63,10.91491101
She3_0402,441,yes,9.26033,-79.956,0-10 cm,27-Sep-17,Sherman3,plot,0.61,4.47,6.37,2.8,0.29,396.7585431,77.74,6.79725,11.4,2.01,0.9895,9.79675,2.9995,936.3,1915.2,194.1,46.4,671.8,44.5,3.4,4.7,1.7,4.1,26,3106,2.31,0.63,12.97989031
She3_0404,442,yes,9.26033,-79.956,0-10 cm,27-Sep-17,Sherman3,plot,0.57,6.19,6.47,3.57,0.34,464.7073391,68.39,5.55875,12.3,2.2055,0.9575,8.72175,3.163,990.3,2631.6,219.9,64.6,1052.3,95.2,3,7,1.5,4.6,26,3106,2.31,0.63,15.99066032
She4_0202,449,yes,9.25802,-79.9529,0-10 cm,27-Sep-17,Sherman4,plot,0.58,7.29,5.72,3.68,0.32,464,56,4.31,12.9,1.58,1.05,6.95,2.64,988.8,4039.9,134.3,52.6,1064.7,55.8,2.6,4.2,2.3,3.6,26,3079,2.29,0.63,12.98
She4_0204,450,yes,9.25802,-79.9529,0-10 cm,27-Sep-17,Sherman4,plot,0.63,8.5,6.37,4.57,0.43,608,54,3.53,15.3,2.85,0.89,7.26,3.73,908.8,6015.9,121.7,78.1,558.3,19.8,4.1,2.5,6.5,5.8,26,3079,2.29,0.63,14.61
She4_0303,452,yes,9.25802,-79.9529,0-10 cm,27-Sep-17,Sherman4,plot,0.67,6.49,6.07,8.33,0.64,633,68,5.16,13.1,1.99,5.21,12.36,7.2,690.6,7121.1,171,111.3,1108.2,75.1,4.7,4.5,3.9,11.4,26,3079,2.29,0.63,21.44
She4_0402,454,yes,9.25802,-79.9529,0-10 cm,27-Sep-17,Sherman4,plot,0.61,4.55,6.46,5.27,0.44,607,73,9.83,7.5,3.05,0.17,13.05,3.22,1037,3515.5,249.4,47.3,943.3,32.5,3.2,4.7,2.3,3.2,26,3079,2.29,0.63,18.03
She4_0404,455,yes,9.25802,-79.9529,0-10 cm,27-Sep-17,Sherman4,plot,0.61,5.67,6.1,4.83,0.46,486,78,7.3,10.7,4.54,0.36,12.21,4.9,859,3333.7,144.3,70.6,745.5,81.4,3.8,2.9,2.7,5.7,26,3079,2.29,0.63,16.08
SheG_0202,462,yes,9.28087,-79.9747,0-10 cm,28-Sep-17,ShermanGrua,plot,0.56,1.65,4.84,4.88,0.41,333.47,459.17975,31.8,14.4,0.2,0.6,32.6,0.8,1704.9,328.5,124.1,29.9,178.3,20.7,1.3,3,1.1,3,26.2,3188,2.38,0.63,18.88
SheG_0204,463,yes,9.28087,-79.9747,0-10 cm,28-Sep-17,ShermanGrua,plot,0.55,0.32,4.27,5.47,0.41,283.8,423.17975,26.3,16.1,1.5,0.3,28,1.8,1760.6,268.7,202.6,29.8,193.6,30,1.1,2.1,0.8,3.3,26.2,3188,2.38,0.63,19.43
SheG_0303,465,yes,9.28087,-79.9747,0-10 cm,28-Sep-17,ShermanGrua,plot,0.58,1.93,5.07,7.14,0.48,262.27,541.92975,28.4,19.1,0.7,0.2,29.2,0.8,1669.2,57.2,203.1,25.9,101.4,2,1.3,1.4,0.3,3.2,26.2,3188,2.38,0.63,22.35
SheG_0402,467,yes,9.28087,-79.9747,0-10 cm,28-Sep-17,ShermanGrua,plot,0.6,0.24,4.81,3.23,0.3,329.74,576.17975,34.1,16.9,0.4,0.5,35.1,1,1854.3,70.1,85.9,25.7,104.7,4.9,1.5,0.5,0.4,2.5,26.2,3188,2.38,0.63,16.6
Sob_0202,195,yes,9.06202,-79.6402,0-10 cm,17-Aug-17,Soberania,plot,0.69,1.47,4.54,4.69,0.36,333.314,305.03,28.07,10.9,0.8,3.97,32.84,4.77,1508.65,175.14,173.93,20.66,42.8,5.01,4.9,1.34,2.5,0.7,26.3,2155,1.46,0.7,13.562
Sob_0204,196,yes,9.06202,-79.6402,0-10 cm,17-Aug-17,Soberania,plot,0.63,1.39,4.42,4.79,0.34,450.826,246.55,20.74,11.9,0.65,2.78,24.17,3.43,1437.5,44.03,249.68,21.61,20.33,3.03,5.19,0.77,1.3,0.5,26.3,2155,1.46,0.7,13.626
Sob_0303,198,yes,9.06202,-79.6402,0-10 cm,17-Aug-17,Soberania,plot,0.65,1.05,4.29,3.91,0.31,452.065,264.94,26.2,10.1,1.28,3.18,30.65,4.46,1101.42,9.97,301.32,29.04,18.31,1.59,5,0.43,0.3,0.8,26.3,2155,1.46,0.7,12.114
Sob_0402,200,yes,9.06202,-79.6402,0-10 cm,17-Aug-17,Soberania,plot,0.68,2.23,4.46,4.33,0.32,490.737,224.59,18.3,12.3,1.77,4.81,24.88,6.57,1273.05,115.83,290.43,25.85,42.46,2.08,6.53,0.61,1.7,0.5,26.3,2155,1.46,0.7,12.946
Sob_0404,201,yes,9.06202,-79.6402,0-10 cm,17-Aug-17,Soberania,plot,0.67,0.98,5.32,6.2,0.51,565.692,240.51,24.25,9.9,2.12,13.62,39.99,15.74,1012.16,40.29,524.52,28.51,29.49,3.29,6.32,0.76,0.8,0.3,26.3,2155,1.46,0.7,16.154